stage,host,kind,training_seed,condition,env_seed,policy_seed,success,policy_steps,reason,source_summary
primary,H1,rgb,0,none,910008,1010008,True,421,dwell_complete,withheld-source-d4aabd38de5d8957e0ae
primary,H1,rgb,0,none,910009,1010009,True,513,dwell_complete,withheld-source-d4aabd38de5d8957e0ae
primary,H1,rgb,0,none,910010,1010010,True,469,dwell_complete,withheld-source-d4aabd38de5d8957e0ae
primary,H1,depth,0,none,910008,1010008,True,420,dwell_complete,withheld-source-63db2505e8362a7222bc
primary,H1,depth,0,none,910009,1010009,True,435,dwell_complete,withheld-source-63db2505e8362a7222bc
primary,H1,depth,0,none,910010,1010010,True,471,dwell_complete,withheld-source-63db2505e8362a7222bc
primary,H1,rgb,1,none,920008,1020008,True,302,dwell_complete,withheld-source-e0450682496a4cd28b35
primary,H1,rgb,1,none,920009,1020009,True,598,dwell_complete,withheld-source-e0450682496a4cd28b35
primary,H1,rgb,1,none,920010,1020010,True,342,dwell_complete,withheld-source-e0450682496a4cd28b35
primary,H1,depth,1,none,920008,1020008,True,1759,dwell_complete,withheld-source-6da607a0206796f6c08c
primary,H1,depth,1,none,920009,1020009,True,539,dwell_complete,withheld-source-6da607a0206796f6c08c
primary,H1,depth,1,none,920010,1020010,True,339,dwell_complete,withheld-source-6da607a0206796f6c08c
primary,H1,rgb,2,none,930007,1030007,True,859,dwell_complete,withheld-source-18d8025a124142eb6c39
primary,H1,rgb,2,none,930008,1030008,True,761,dwell_complete,withheld-source-18d8025a124142eb6c39
primary,H1,rgb,2,none,930009,1030009,True,497,dwell_complete,withheld-source-18d8025a124142eb6c39
primary,H1,rgb,2,none,930010,1030010,False,2000,max_steps,withheld-source-18d8025a124142eb6c39
primary,H1,rgb,2,none,930011,1030011,True,513,dwell_complete,withheld-source-18d8025a124142eb6c39
primary,H1,depth,2,none,930007,1030007,True,332,dwell_complete,withheld-source-f90ec134b6ac0fc15dc8
primary,H1,depth,2,none,930008,1030008,True,852,dwell_complete,withheld-source-f90ec134b6ac0fc15dc8
primary,H1,depth,2,none,930009,1030009,True,326,dwell_complete,withheld-source-f90ec134b6ac0fc15dc8
primary,H1,depth,2,none,930010,1030010,True,326,dwell_complete,withheld-source-f90ec134b6ac0fc15dc8
primary,H1,depth,2,none,930011,1030011,True,416,dwell_complete,withheld-source-f90ec134b6ac0fc15dc8
primary,H1,rgb,0,top,910008,1010008,True,533,dwell_complete,withheld-source-f69d0f366785fa5bf442
primary,H1,rgb,0,top,910009,1010009,True,1797,dwell_complete,withheld-source-f69d0f366785fa5bf442
primary,H1,rgb,0,top,910010,1010010,False,2000,max_steps,withheld-source-f69d0f366785fa5bf442
primary,H1,depth,0,top,910008,1010008,True,441,dwell_complete,withheld-source-61e90617833f22b55f23
primary,H1,depth,0,top,910009,1010009,False,2000,max_steps,withheld-source-61e90617833f22b55f23
primary,H1,depth,0,top,910010,1010010,False,2000,max_steps,withheld-source-61e90617833f22b55f23
primary,H1,rgb,1,top,920008,1020008,False,2000,max_steps,withheld-source-5777d878adbaa2f2f226
primary,H1,rgb,1,top,920009,1020009,False,2000,max_steps,withheld-source-5777d878adbaa2f2f226
primary,H1,rgb,1,top,920010,1020010,True,647,dwell_complete,withheld-source-5777d878adbaa2f2f226
primary,H1,depth,1,top,920008,1020008,True,470,dwell_complete,withheld-source-dfd4af824f0c6a67c43e
primary,H1,depth,1,top,920009,1020009,True,534,dwell_complete,withheld-source-dfd4af824f0c6a67c43e
primary,H1,depth,1,top,920010,1020010,True,416,dwell_complete,withheld-source-dfd4af824f0c6a67c43e
primary,H1,rgb,2,top,930007,1030007,True,563,dwell_complete,withheld-source-85c6b4e67a8eaf9989fd
primary,H1,rgb,2,top,930008,1030008,True,680,dwell_complete,withheld-source-85c6b4e67a8eaf9989fd
primary,H1,rgb,2,top,930009,1030009,True,371,dwell_complete,withheld-source-85c6b4e67a8eaf9989fd
primary,H1,rgb,2,top,930010,1030010,True,770,dwell_complete,withheld-source-85c6b4e67a8eaf9989fd
primary,H1,rgb,2,top,930011,1030011,True,457,dwell_complete,withheld-source-85c6b4e67a8eaf9989fd
primary,H1,depth,2,top,930007,1030007,True,630,dwell_complete,withheld-source-b6730b7f031d5d9d516e
primary,H1,depth,2,top,930008,1030008,True,623,dwell_complete,withheld-source-b6730b7f031d5d9d516e
primary,H1,depth,2,top,930009,1030009,True,382,dwell_complete,withheld-source-b6730b7f031d5d9d516e
primary,H1,depth,2,top,930010,1030010,True,329,dwell_complete,withheld-source-b6730b7f031d5d9d516e
primary,H1,depth,2,top,930011,1030011,True,528,dwell_complete,withheld-source-b6730b7f031d5d9d516e
primary,H1,rgb,0,front,910008,1010008,True,858,dwell_complete,withheld-source-d92a43ad1d18d635c093
primary,H1,rgb,0,front,910009,1010009,True,998,dwell_complete,withheld-source-d92a43ad1d18d635c093
primary,H1,rgb,0,front,910010,1010010,True,1204,dwell_complete,withheld-source-d92a43ad1d18d635c093
primary,H1,depth,0,front,910008,1010008,True,772,dwell_complete,withheld-source-4a49ca7ce301bd6233ed
primary,H1,depth,0,front,910009,1010009,False,2000,max_steps,withheld-source-4a49ca7ce301bd6233ed
primary,H1,depth,0,front,910010,1010010,True,539,dwell_complete,withheld-source-4a49ca7ce301bd6233ed
primary,H1,rgb,1,front,920008,1020008,True,526,dwell_complete,withheld-source-432f9cd09c3211928f84
primary,H1,rgb,1,front,920009,1020009,False,2000,max_steps,withheld-source-432f9cd09c3211928f84
primary,H1,rgb,1,front,920010,1020010,True,355,dwell_complete,withheld-source-432f9cd09c3211928f84
primary,H1,depth,1,front,920008,1020008,True,356,dwell_complete,withheld-source-6e0203b4de8253cdd645
primary,H1,depth,1,front,920009,1020009,True,630,dwell_complete,withheld-source-6e0203b4de8253cdd645
primary,H1,depth,1,front,920010,1020010,True,312,dwell_complete,withheld-source-6e0203b4de8253cdd645
primary,H1,rgb,2,front,930007,1030007,True,1116,dwell_complete,withheld-source-d23d0c1a0815f87339ab
primary,H1,rgb,2,front,930008,1030008,False,2000,max_steps,withheld-source-d23d0c1a0815f87339ab
primary,H1,rgb,2,front,930009,1030009,False,2000,max_steps,withheld-source-d23d0c1a0815f87339ab
primary,H1,rgb,2,front,930010,1030010,False,2000,max_steps,withheld-source-d23d0c1a0815f87339ab
primary,H1,rgb,2,front,930011,1030011,True,1899,dwell_complete,withheld-source-d23d0c1a0815f87339ab
primary,H1,depth,2,front,930007,1030007,True,524,dwell_complete,withheld-source-ae518ba82aee80b49394
primary,H1,depth,2,front,930008,1030008,True,985,dwell_complete,withheld-source-ae518ba82aee80b49394
primary,H1,depth,2,front,930009,1030009,True,490,dwell_complete,withheld-source-ae518ba82aee80b49394
primary,H1,depth,2,front,930010,1030010,True,335,dwell_complete,withheld-source-ae518ba82aee80b49394
primary,H1,depth,2,front,930011,1030011,True,462,dwell_complete,withheld-source-ae518ba82aee80b49394
primary,H1,rgb,0,head,910008,1010008,True,835,dwell_complete,withheld-source-9ce9dd1b1bdd38852060
primary,H1,rgb,0,head,910009,1010009,True,720,dwell_complete,withheld-source-9ce9dd1b1bdd38852060
primary,H1,rgb,0,head,910010,1010010,True,1177,dwell_complete,withheld-source-9ce9dd1b1bdd38852060
primary,H1,depth,0,head,910008,1010008,True,1346,dwell_complete,withheld-source-667340acfa83b3f01e94
primary,H1,depth,0,head,910009,1010009,True,1145,dwell_complete,withheld-source-667340acfa83b3f01e94
primary,H1,depth,0,head,910010,1010010,True,1584,dwell_complete,withheld-source-667340acfa83b3f01e94
primary,H1,rgb,1,head,920008,1020008,False,2000,max_steps,withheld-source-fc336812423f694dd593
primary,H1,rgb,1,head,920009,1020009,True,591,dwell_complete,withheld-source-fc336812423f694dd593
primary,H1,rgb,1,head,920010,1020010,True,480,dwell_complete,withheld-source-fc336812423f694dd593
primary,H1,depth,1,head,920008,1020008,True,454,dwell_complete,withheld-source-27a17ce7263d9624241e
primary,H1,depth,1,head,920009,1020009,True,450,dwell_complete,withheld-source-27a17ce7263d9624241e
primary,H1,depth,1,head,920010,1020010,True,478,dwell_complete,withheld-source-27a17ce7263d9624241e
primary,H1,rgb,2,head,930007,1030007,True,465,dwell_complete,withheld-source-98d36b6bb4f615d592ee
primary,H1,rgb,2,head,930008,1030008,True,621,dwell_complete,withheld-source-98d36b6bb4f615d592ee
primary,H1,rgb,2,head,930009,1030009,False,2000,max_steps,withheld-source-98d36b6bb4f615d592ee
primary,H1,rgb,2,head,930010,1030010,False,2000,max_steps,withheld-source-98d36b6bb4f615d592ee
primary,H1,rgb,2,head,930011,1030011,True,423,dwell_complete,withheld-source-98d36b6bb4f615d592ee
primary,H1,depth,2,head,930007,1030007,True,473,dwell_complete,withheld-source-8d352e7cac844724e7ee
primary,H1,depth,2,head,930008,1030008,True,619,dwell_complete,withheld-source-8d352e7cac844724e7ee
primary,H1,depth,2,head,930009,1030009,True,357,dwell_complete,withheld-source-8d352e7cac844724e7ee
primary,H1,depth,2,head,930010,1030010,True,311,dwell_complete,withheld-source-8d352e7cac844724e7ee
primary,H1,depth,2,head,930011,1030011,True,365,dwell_complete,withheld-source-8d352e7cac844724e7ee
primary,H1,rgb,0,side,910008,1010008,True,545,dwell_complete,withheld-source-b411b3286e1dfa6d7f5f
primary,H1,rgb,0,side,910009,1010009,True,500,dwell_complete,withheld-source-b411b3286e1dfa6d7f5f
primary,H1,rgb,0,side,910010,1010010,True,467,dwell_complete,withheld-source-b411b3286e1dfa6d7f5f
primary,H1,depth,0,side,910008,1010008,True,425,dwell_complete,withheld-source-0ef1b81a1d7402d8ab64
primary,H1,depth,0,side,910009,1010009,True,499,dwell_complete,withheld-source-0ef1b81a1d7402d8ab64
primary,H1,depth,0,side,910010,1010010,True,535,dwell_complete,withheld-source-0ef1b81a1d7402d8ab64
primary,H1,rgb,1,side,920008,1020008,True,657,dwell_complete,withheld-source-62679d64facbf3f07c1f
primary,H1,rgb,1,side,920009,1020009,True,735,dwell_complete,withheld-source-62679d64facbf3f07c1f
primary,H1,rgb,1,side,920010,1020010,True,557,dwell_complete,withheld-source-62679d64facbf3f07c1f
primary,H1,depth,1,side,920008,1020008,True,353,dwell_complete,withheld-source-dac557d36abfc52f3dc1
primary,H1,depth,1,side,920009,1020009,True,400,dwell_complete,withheld-source-dac557d36abfc52f3dc1
primary,H1,depth,1,side,920010,1020010,True,310,dwell_complete,withheld-source-dac557d36abfc52f3dc1
primary,H1,rgb,2,side,930007,1030007,True,571,dwell_complete,withheld-source-0ed46de8577a301fe545
primary,H1,rgb,2,side,930008,1030008,True,977,dwell_complete,withheld-source-0ed46de8577a301fe545
primary,H1,rgb,2,side,930009,1030009,True,498,dwell_complete,withheld-source-0ed46de8577a301fe545
primary,H1,rgb,2,side,930010,1030010,False,2000,max_steps,withheld-source-0ed46de8577a301fe545
primary,H1,rgb,2,side,930011,1030011,True,642,dwell_complete,withheld-source-0ed46de8577a301fe545
primary,H1,depth,2,side,930007,1030007,True,413,dwell_complete,withheld-source-6b29759033cf22920080
primary,H1,depth,2,side,930008,1030008,True,956,dwell_complete,withheld-source-6b29759033cf22920080
primary,H1,depth,2,side,930009,1030009,True,497,dwell_complete,withheld-source-6b29759033cf22920080
primary,H1,depth,2,side,930010,1030010,True,607,dwell_complete,withheld-source-6b29759033cf22920080
primary,H1,depth,2,side,930011,1030011,True,759,dwell_complete,withheld-source-6b29759033cf22920080
primary,H1,rgb,2,none,930012,1030012,True,788,dwell_complete,withheld-source-6b86571d234e280b6ab1
primary,H1,depth,2,none,930012,1030012,True,581,dwell_complete,withheld-source-12c99457a03a4e27b2fe
primary,H1,rgb,2,top,930012,1030012,True,821,dwell_complete,withheld-source-8eebfc81367527f02960
primary,H1,depth,2,top,930012,1030012,True,697,dwell_complete,withheld-source-a0bd5305f0bd8ac8cc87
primary,H1,rgb,2,front,930012,1030012,False,2000,max_steps,withheld-source-84138aa5e105fe315f39
primary,H1,depth,2,front,930012,1030012,True,777,dwell_complete,withheld-source-90057b5b5ac12be4a818
primary,H1,rgb,2,head,930012,1030012,False,2000,max_steps,withheld-source-4c4991aa6c1f0ad8bd93
primary,H1,depth,2,head,930012,1030012,True,466,dwell_complete,withheld-source-b2b5d82a87628e606855
primary,H1,rgb,2,side,930012,1030012,True,758,dwell_complete,withheld-source-995f1f125aa32fc6dbc6
primary,H1,depth,2,side,930012,1030012,True,770,dwell_complete,withheld-source-f85aef2b8a423271620e
additional,H1,random_depth,0,none,910008,1010008,True,532,dwell_complete,withheld-source-7ef1bd7db6f98487196b
additional,H1,random_depth,0,none,910009,1010009,True,500,dwell_complete,withheld-source-7ef1bd7db6f98487196b
additional,H1,random_depth,0,none,910010,1010010,True,587,dwell_complete,withheld-source-7ef1bd7db6f98487196b
additional,H1,random_depth,0,top,910008,1010008,True,838,dwell_complete,withheld-source-61064da19b71403eb1f3
additional,H1,random_depth,0,top,910009,1010009,False,2000,max_steps,withheld-source-61064da19b71403eb1f3
additional,H1,random_depth,0,top,910010,1010010,False,2000,max_steps,withheld-source-61064da19b71403eb1f3
additional,H1,random_depth,0,head,910008,1010008,True,531,dwell_complete,withheld-source-55f1e2aab4d750af5322
additional,H1,random_depth,0,head,910009,1010009,True,718,dwell_complete,withheld-source-55f1e2aab4d750af5322
additional,H1,random_depth,0,head,910010,1010010,True,799,dwell_complete,withheld-source-55f1e2aab4d750af5322
additional,H1,rgb_bibranch_matched,0,none,910008,1010008,True,427,dwell_complete,withheld-source-b8199c1e88539c59b569
additional,H1,rgb_bibranch_matched,0,none,910009,1010009,True,494,dwell_complete,withheld-source-b8199c1e88539c59b569
additional,H1,rgb_bibranch_matched,0,none,910010,1010010,True,466,dwell_complete,withheld-source-b8199c1e88539c59b569
additional,H1,rgb_bibranch_matched,0,top,910008,1010008,True,501,dwell_complete,withheld-source-2ded13d2e15fc8b3871b
additional,H1,rgb_bibranch_matched,0,top,910009,1010009,False,2000,max_steps,withheld-source-2ded13d2e15fc8b3871b
additional,H1,rgb_bibranch_matched,0,top,910010,1010010,False,2000,max_steps,withheld-source-2ded13d2e15fc8b3871b
additional,H1,rgb_bibranch_matched,0,head,910008,1010008,True,560,dwell_complete,withheld-source-5d55230a05c405252250
additional,H1,rgb_bibranch_matched,0,head,910009,1010009,True,807,dwell_complete,withheld-source-5d55230a05c405252250
additional,H1,rgb_bibranch_matched,0,head,910010,1010010,True,660,dwell_complete,withheld-source-5d55230a05c405252250
additional,H1,depth_only,0,none,910008,1010008,False,2000,max_steps,withheld-source-f18a958fd97eb4aabf52
additional,H1,depth_only,0,none,910009,1010009,True,522,dwell_complete,withheld-source-f18a958fd97eb4aabf52
additional,H1,depth_only,0,none,910010,1010010,False,2000,max_steps,withheld-source-f18a958fd97eb4aabf52
additional,H1,depth_only,0,top,910008,1010008,False,2000,max_steps,withheld-source-b5d8c43cff03feffa706
additional,H1,depth_only,0,top,910009,1010009,True,722,dwell_complete,withheld-source-b5d8c43cff03feffa706
additional,H1,depth_only,0,top,910010,1010010,False,2000,max_steps,withheld-source-b5d8c43cff03feffa706
additional,H1,depth_only,0,head,910008,1010008,False,2000,max_steps,withheld-source-f0c528e2fb40e5725e8d
additional,H1,depth_only,0,head,910009,1010009,True,628,dwell_complete,withheld-source-f0c528e2fb40e5725e8d
additional,H1,depth_only,0,head,910010,1010010,False,2000,max_steps,withheld-source-f0c528e2fb40e5725e8d
additional,H1,depth_stacking,0,none,910008,1010008,True,422,dwell_complete,withheld-source-e6f7d12adb7ff1c5b3da
additional,H1,depth_stacking,0,none,910009,1010009,True,432,dwell_complete,withheld-source-e6f7d12adb7ff1c5b3da
additional,H1,depth_stacking,0,none,910010,1010010,True,482,dwell_complete,withheld-source-e6f7d12adb7ff1c5b3da
additional,H1,depth_stacking,0,top,910008,1010008,True,535,dwell_complete,withheld-source-31a79607037b74230fb7
additional,H1,depth_stacking,0,top,910009,1010009,False,2000,max_steps,withheld-source-31a79607037b74230fb7
additional,H1,depth_stacking,0,top,910010,1010010,False,2000,max_steps,withheld-source-31a79607037b74230fb7
additional,H1,depth_stacking,0,head,910008,1010008,True,414,dwell_complete,withheld-source-dc86b97e9b3cb3971eb7
additional,H1,depth_stacking,0,head,910009,1010009,True,479,dwell_complete,withheld-source-dc86b97e9b3cb3971eb7
additional,H1,depth_stacking,0,head,910010,1010010,True,476,dwell_complete,withheld-source-dc86b97e9b3cb3971eb7
additional,H1,gated_fusion,0,none,910008,1010008,True,539,dwell_complete,withheld-source-8958a526ee0df0f5025f
additional,H1,gated_fusion,0,none,910009,1010009,True,426,dwell_complete,withheld-source-8958a526ee0df0f5025f
additional,H1,gated_fusion,0,none,910010,1010010,True,598,dwell_complete,withheld-source-8958a526ee0df0f5025f
additional,H1,gated_fusion,0,top,910008,1010008,True,424,dwell_complete,withheld-source-7316fb3f01010903c988
additional,H1,gated_fusion,0,top,910009,1010009,False,2000,max_steps,withheld-source-7316fb3f01010903c988
additional,H1,gated_fusion,0,top,910010,1010010,False,2000,max_steps,withheld-source-7316fb3f01010903c988
additional,H1,gated_fusion,0,head,910008,1010008,True,1359,dwell_complete,withheld-source-4db9be2e6337f57ccf7a
additional,H1,gated_fusion,0,head,910009,1010009,True,722,dwell_complete,withheld-source-4db9be2e6337f57ccf7a
additional,H1,gated_fusion,0,head,910010,1010010,True,1175,dwell_complete,withheld-source-4db9be2e6337f57ccf7a
additional,H1,gt,0,none,910008,1010008,True,531,dwell_complete,withheld-source-14ca011584d8e8928ed3
additional,H1,gt,0,none,910009,1010009,True,393,dwell_complete,withheld-source-14ca011584d8e8928ed3
additional,H1,gt,0,none,910010,1010010,True,469,dwell_complete,withheld-source-14ca011584d8e8928ed3
additional,H1,gt,0,top,910008,1010008,True,627,dwell_complete,withheld-source-2f46f9d181a6c3a4e03b
additional,H1,gt,0,top,910009,1010009,True,682,dwell_complete,withheld-source-2f46f9d181a6c3a4e03b
additional,H1,gt,0,top,910010,1010010,False,2000,max_steps,withheld-source-2f46f9d181a6c3a4e03b
additional,H1,gt,0,head,910008,1010008,True,755,dwell_complete,withheld-source-bdefe5950563a2d9dc94
additional,H1,gt,0,head,910009,1010009,True,581,dwell_complete,withheld-source-bdefe5950563a2d9dc94
additional,H1,gt,0,head,910010,1010010,True,590,dwell_complete,withheld-source-bdefe5950563a2d9dc94
additional,H1,camera3d,0,none,910008,1010008,False,2000,max_steps,withheld-source-ae0fa2b9fc0085f6b2ce
additional,H1,camera3d,0,none,910009,1010009,False,2000,max_steps,withheld-source-ae0fa2b9fc0085f6b2ce
additional,H1,camera3d,0,none,910010,1010010,False,2000,max_steps,withheld-source-ae0fa2b9fc0085f6b2ce
additional,H1,camera3d,0,top,910008,1010008,False,2000,max_steps,withheld-source-fa235d24348c943cee56
additional,H1,camera3d,0,top,910009,1010009,False,2000,max_steps,withheld-source-fa235d24348c943cee56
additional,H1,camera3d,0,top,910010,1010010,False,2000,max_steps,withheld-source-fa235d24348c943cee56
additional,H1,camera3d,0,head,910008,1010008,False,2000,max_steps,withheld-source-cfda56fa4566d4dd8c85
additional,H1,camera3d,0,head,910009,1010009,False,2000,max_steps,withheld-source-cfda56fa4566d4dd8c85
additional,H1,camera3d,0,head,910010,1010010,False,2000,max_steps,withheld-source-cfda56fa4566d4dd8c85
primary,H2,rgb,0,none,910001,1010001,True,362,dwell_complete,withheld-source-8363b194e9362863ecc7
primary,H2,rgb,0,none,910002,1010002,True,266,dwell_complete,withheld-source-8363b194e9362863ecc7
primary,H2,rgb,0,none,910003,1010003,True,330,dwell_complete,withheld-source-8363b194e9362863ecc7
primary,H2,rgb,0,none,910004,1010004,True,386,dwell_complete,withheld-source-8363b194e9362863ecc7
primary,H2,rgb,0,none,910005,1010005,True,528,dwell_complete,withheld-source-8363b194e9362863ecc7
primary,H2,depth,0,none,910001,1010001,True,429,dwell_complete,withheld-source-a294d77b0c25fa6fc4e4
primary,H2,depth,0,none,910002,1010002,True,531,dwell_complete,withheld-source-a294d77b0c25fa6fc4e4
primary,H2,depth,0,none,910003,1010003,True,403,dwell_complete,withheld-source-a294d77b0c25fa6fc4e4
primary,H2,depth,0,none,910004,1010004,True,313,dwell_complete,withheld-source-a294d77b0c25fa6fc4e4
primary,H2,depth,0,none,910005,1010005,True,529,dwell_complete,withheld-source-a294d77b0c25fa6fc4e4
primary,H2,rgb,1,none,920001,1020001,True,375,dwell_complete,withheld-source-578f0a30f7814921f2bd
primary,H2,rgb,1,none,920002,1020002,True,387,dwell_complete,withheld-source-578f0a30f7814921f2bd
primary,H2,rgb,1,none,920003,1020003,True,283,dwell_complete,withheld-source-578f0a30f7814921f2bd
primary,H2,rgb,1,none,920004,1020004,True,395,dwell_complete,withheld-source-578f0a30f7814921f2bd
primary,H2,rgb,1,none,920005,1020005,True,609,dwell_complete,withheld-source-578f0a30f7814921f2bd
primary,H2,depth,1,none,920001,1020001,True,551,dwell_complete,withheld-source-55b3fecb2c15ce138764
primary,H2,depth,1,none,920002,1020002,True,570,dwell_complete,withheld-source-55b3fecb2c15ce138764
primary,H2,depth,1,none,920003,1020003,True,394,dwell_complete,withheld-source-55b3fecb2c15ce138764
primary,H2,depth,1,none,920004,1020004,True,434,dwell_complete,withheld-source-55b3fecb2c15ce138764
primary,H2,depth,1,none,920005,1020005,True,515,dwell_complete,withheld-source-55b3fecb2c15ce138764
primary,H2,rgb,2,none,930001,1030001,True,594,dwell_complete,withheld-source-87a2aa60d526d630acdc
primary,H2,rgb,2,none,930002,1030002,True,894,dwell_complete,withheld-source-87a2aa60d526d630acdc
primary,H2,depth,2,none,930001,1030001,True,452,dwell_complete,withheld-source-878cf68b2ad38872455c
primary,H2,depth,2,none,930002,1030002,True,698,dwell_complete,withheld-source-878cf68b2ad38872455c
primary,H2,rgb,0,top,910001,1010001,True,353,dwell_complete,withheld-source-b9988ea74914eb3da61b
primary,H2,rgb,0,top,910002,1010002,True,264,dwell_complete,withheld-source-b9988ea74914eb3da61b
primary,H2,rgb,0,top,910003,1010003,True,325,dwell_complete,withheld-source-b9988ea74914eb3da61b
primary,H2,rgb,0,top,910004,1010004,True,488,dwell_complete,withheld-source-b9988ea74914eb3da61b
primary,H2,rgb,0,top,910005,1010005,False,2000,max_steps,withheld-source-b9988ea74914eb3da61b
primary,H2,depth,0,top,910001,1010001,True,304,dwell_complete,withheld-source-b588a47d357b89d855ae
primary,H2,depth,0,top,910002,1010002,True,280,dwell_complete,withheld-source-b588a47d357b89d855ae
primary,H2,depth,0,top,910003,1010003,True,394,dwell_complete,withheld-source-b588a47d357b89d855ae
primary,H2,depth,0,top,910004,1010004,True,311,dwell_complete,withheld-source-b588a47d357b89d855ae
primary,H2,depth,0,top,910005,1010005,True,1755,dwell_complete,withheld-source-b588a47d357b89d855ae
primary,H2,rgb,1,top,920001,1020001,True,520,dwell_complete,withheld-source-a851d512d89f8b141879
primary,H2,rgb,1,top,920002,1020002,True,456,dwell_complete,withheld-source-a851d512d89f8b141879
primary,H2,rgb,1,top,920003,1020003,True,476,dwell_complete,withheld-source-a851d512d89f8b141879
primary,H2,rgb,1,top,920004,1020004,True,508,dwell_complete,withheld-source-a851d512d89f8b141879
primary,H2,rgb,1,top,920005,1020005,True,608,dwell_complete,withheld-source-a851d512d89f8b141879
primary,H2,depth,1,top,920001,1020001,True,576,dwell_complete,withheld-source-b4c489b764ef83ced6d4
primary,H2,depth,1,top,920002,1020002,True,307,dwell_complete,withheld-source-b4c489b764ef83ced6d4
primary,H2,depth,1,top,920003,1020003,False,2000,max_steps,withheld-source-b4c489b764ef83ced6d4
primary,H2,depth,1,top,920004,1020004,True,384,dwell_complete,withheld-source-b4c489b764ef83ced6d4
primary,H2,depth,1,top,920005,1020005,True,464,dwell_complete,withheld-source-b4c489b764ef83ced6d4
primary,H2,rgb,2,top,930001,1030001,True,568,dwell_complete,withheld-source-73dbbacdf1771f7bb63a
primary,H2,rgb,2,top,930002,1030002,True,648,dwell_complete,withheld-source-73dbbacdf1771f7bb63a
primary,H2,depth,2,top,930001,1030001,True,511,dwell_complete,withheld-source-d563ab744fe4196e2acd
primary,H2,depth,2,top,930002,1030002,False,2000,max_steps,withheld-source-d563ab744fe4196e2acd
primary,H2,rgb,0,front,910001,1010001,False,2000,max_steps,withheld-source-505e4feba47d41283b71
primary,H2,rgb,0,front,910002,1010002,False,2000,max_steps,withheld-source-505e4feba47d41283b71
primary,H2,rgb,0,front,910003,1010003,True,529,dwell_complete,withheld-source-505e4feba47d41283b71
primary,H2,rgb,0,front,910004,1010004,False,2000,max_steps,withheld-source-505e4feba47d41283b71
primary,H2,rgb,0,front,910005,1010005,True,915,dwell_complete,withheld-source-505e4feba47d41283b71
primary,H2,depth,0,front,910001,1010001,False,2000,max_steps,withheld-source-39ad42c2635b86f71e3d
primary,H2,depth,0,front,910002,1010002,False,2000,max_steps,withheld-source-39ad42c2635b86f71e3d
primary,H2,depth,0,front,910003,1010003,True,527,dwell_complete,withheld-source-39ad42c2635b86f71e3d
primary,H2,depth,0,front,910004,1010004,False,2000,max_steps,withheld-source-39ad42c2635b86f71e3d
primary,H2,depth,0,front,910005,1010005,True,903,dwell_complete,withheld-source-39ad42c2635b86f71e3d
primary,H2,rgb,1,front,920001,1020001,True,704,dwell_complete,withheld-source-3cd5beda34d057879741
primary,H2,rgb,1,front,920002,1020002,True,582,dwell_complete,withheld-source-3cd5beda34d057879741
primary,H2,rgb,1,front,920003,1020003,False,2000,max_steps,withheld-source-3cd5beda34d057879741
primary,H2,rgb,1,front,920004,1020004,True,379,dwell_complete,withheld-source-3cd5beda34d057879741
primary,H2,rgb,1,front,920005,1020005,False,2000,max_steps,withheld-source-3cd5beda34d057879741
primary,H2,depth,1,front,920001,1020001,True,486,dwell_complete,withheld-source-bfea810a81736d71c05f
primary,H2,depth,1,front,920002,1020002,True,399,dwell_complete,withheld-source-bfea810a81736d71c05f
primary,H2,depth,1,front,920003,1020003,True,324,dwell_complete,withheld-source-bfea810a81736d71c05f
primary,H2,depth,1,front,920004,1020004,True,378,dwell_complete,withheld-source-bfea810a81736d71c05f
primary,H2,depth,1,front,920005,1020005,True,1521,dwell_complete,withheld-source-bfea810a81736d71c05f
primary,H2,rgb,2,front,930001,1030001,True,1335,dwell_complete,withheld-source-0077259c71d9881819e5
primary,H2,rgb,2,front,930002,1030002,True,1120,dwell_complete,withheld-source-0077259c71d9881819e5
primary,H2,depth,2,front,930001,1030001,True,590,dwell_complete,withheld-source-15ca951f979c7bd39346
primary,H2,depth,2,front,930002,1030002,True,652,dwell_complete,withheld-source-15ca951f979c7bd39346
primary,H2,rgb,0,head,910001,1010001,True,438,dwell_complete,withheld-source-444dfb1a42da3ecc0dde
primary,H2,rgb,0,head,910002,1010002,True,309,dwell_complete,withheld-source-444dfb1a42da3ecc0dde
primary,H2,rgb,0,head,910003,1010003,True,416,dwell_complete,withheld-source-444dfb1a42da3ecc0dde
primary,H2,rgb,0,head,910004,1010004,True,386,dwell_complete,withheld-source-444dfb1a42da3ecc0dde
primary,H2,rgb,0,head,910005,1010005,True,610,dwell_complete,withheld-source-444dfb1a42da3ecc0dde
primary,H2,depth,0,head,910001,1010001,True,840,dwell_complete,withheld-source-597e2781ed787ee375ec
primary,H2,depth,0,head,910002,1010002,True,838,dwell_complete,withheld-source-597e2781ed787ee375ec
primary,H2,depth,0,head,910003,1010003,True,420,dwell_complete,withheld-source-597e2781ed787ee375ec
primary,H2,depth,0,head,910004,1010004,True,482,dwell_complete,withheld-source-597e2781ed787ee375ec
primary,H2,depth,0,head,910005,1010005,True,853,dwell_complete,withheld-source-597e2781ed787ee375ec
primary,H2,rgb,1,head,920001,1020001,True,408,dwell_complete,withheld-source-cfe3e3b26d105a319580
primary,H2,rgb,1,head,920002,1020002,True,404,dwell_complete,withheld-source-cfe3e3b26d105a319580
primary,H2,rgb,1,head,920003,1020003,True,338,dwell_complete,withheld-source-cfe3e3b26d105a319580
primary,H2,rgb,1,head,920004,1020004,True,335,dwell_complete,withheld-source-cfe3e3b26d105a319580
primary,H2,rgb,1,head,920005,1020005,False,2000,max_steps,withheld-source-cfe3e3b26d105a319580
primary,H2,depth,1,head,920001,1020001,True,455,dwell_complete,withheld-source-82b390705fbc74c78862
primary,H2,depth,1,head,920002,1020002,True,495,dwell_complete,withheld-source-82b390705fbc74c78862
primary,H2,depth,1,head,920003,1020003,True,539,dwell_complete,withheld-source-82b390705fbc74c78862
primary,H2,depth,1,head,920004,1020004,True,357,dwell_complete,withheld-source-82b390705fbc74c78862
primary,H2,depth,1,head,920005,1020005,True,605,dwell_complete,withheld-source-82b390705fbc74c78862
primary,H2,rgb,2,head,930001,1030001,True,671,dwell_complete,withheld-source-fbd9f9fd66d1aa14888e
primary,H2,rgb,2,head,930002,1030002,False,2000,max_steps,withheld-source-fbd9f9fd66d1aa14888e
primary,H2,depth,2,head,930001,1030001,True,600,dwell_complete,withheld-source-981e3267cc73a2a49d63
primary,H2,depth,2,head,930002,1030002,True,561,dwell_complete,withheld-source-981e3267cc73a2a49d63
primary,H2,rgb,0,side,910001,1010001,True,305,dwell_complete,withheld-source-dda4d73da7a312ddce0d
primary,H2,rgb,0,side,910002,1010002,True,266,dwell_complete,withheld-source-dda4d73da7a312ddce0d
primary,H2,rgb,0,side,910003,1010003,True,329,dwell_complete,withheld-source-dda4d73da7a312ddce0d
primary,H2,rgb,0,side,910004,1010004,True,468,dwell_complete,withheld-source-dda4d73da7a312ddce0d
primary,H2,rgb,0,side,910005,1010005,True,519,dwell_complete,withheld-source-dda4d73da7a312ddce0d
primary,H2,depth,0,side,910001,1010001,True,438,dwell_complete,withheld-source-7988e548564731dc5ede
primary,H2,depth,0,side,910002,1010002,True,277,dwell_complete,withheld-source-7988e548564731dc5ede
primary,H2,depth,0,side,910003,1010003,True,414,dwell_complete,withheld-source-7988e548564731dc5ede
primary,H2,depth,0,side,910004,1010004,True,338,dwell_complete,withheld-source-7988e548564731dc5ede
primary,H2,depth,0,side,910005,1010005,True,529,dwell_complete,withheld-source-7988e548564731dc5ede
primary,H2,rgb,1,side,920001,1020001,True,379,dwell_complete,withheld-source-642525f4f302bfd1b121
primary,H2,rgb,1,side,920002,1020002,True,416,dwell_complete,withheld-source-642525f4f302bfd1b121
primary,H2,rgb,1,side,920003,1020003,True,398,dwell_complete,withheld-source-642525f4f302bfd1b121
primary,H2,rgb,1,side,920004,1020004,True,434,dwell_complete,withheld-source-642525f4f302bfd1b121
primary,H2,rgb,1,side,920005,1020005,True,632,dwell_complete,withheld-source-642525f4f302bfd1b121
primary,H2,depth,1,side,920001,1020001,True,481,dwell_complete,withheld-source-8acbc9bbf17ab30be034
primary,H2,depth,1,side,920002,1020002,True,623,dwell_complete,withheld-source-8acbc9bbf17ab30be034
primary,H2,depth,1,side,920003,1020003,True,313,dwell_complete,withheld-source-8acbc9bbf17ab30be034
primary,H2,depth,1,side,920004,1020004,True,517,dwell_complete,withheld-source-8acbc9bbf17ab30be034
primary,H2,depth,1,side,920005,1020005,True,540,dwell_complete,withheld-source-8acbc9bbf17ab30be034
primary,H2,rgb,2,side,930001,1030001,True,763,dwell_complete,withheld-source-7296a7b02743e9e4ea13
primary,H2,rgb,2,side,930002,1030002,True,643,dwell_complete,withheld-source-7296a7b02743e9e4ea13
primary,H2,depth,2,side,930001,1030001,True,606,dwell_complete,withheld-source-9cd67482e02da77e6746
primary,H2,depth,2,side,930002,1030002,True,700,dwell_complete,withheld-source-9cd67482e02da77e6746
additional,H2,random_depth,0,none,910001,1010001,True,362,dwell_complete,withheld-source-2f40e5397aaea3ad0465
additional,H2,random_depth,0,none,910002,1010002,True,265,dwell_complete,withheld-source-2f40e5397aaea3ad0465
additional,H2,random_depth,0,none,910003,1010003,True,326,dwell_complete,withheld-source-2f40e5397aaea3ad0465
additional,H2,random_depth,0,top,910001,1010001,True,681,dwell_complete,withheld-source-36eb5932ee048cf54d60
additional,H2,random_depth,0,top,910002,1010002,True,523,dwell_complete,withheld-source-36eb5932ee048cf54d60
additional,H2,random_depth,0,top,910003,1010003,True,930,dwell_complete,withheld-source-36eb5932ee048cf54d60
additional,H2,random_depth,0,head,910001,1010001,True,1529,dwell_complete,withheld-source-1614c417cdefb702b2a5
additional,H2,random_depth,0,head,910002,1010002,True,356,dwell_complete,withheld-source-1614c417cdefb702b2a5
additional,H2,random_depth,0,head,910003,1010003,True,408,dwell_complete,withheld-source-1614c417cdefb702b2a5
additional,H2,rgb_bibranch_matched,0,none,910001,1010001,True,301,dwell_complete,withheld-source-af5a133e2cc41d6d654b
additional,H2,rgb_bibranch_matched,0,none,910002,1010002,True,276,dwell_complete,withheld-source-af5a133e2cc41d6d654b
additional,H2,rgb_bibranch_matched,0,none,910003,1010003,True,412,dwell_complete,withheld-source-af5a133e2cc41d6d654b
additional,H2,rgb_bibranch_matched,0,top,910001,1010001,True,355,dwell_complete,withheld-source-5ec794198861911435a6
additional,H2,rgb_bibranch_matched,0,top,910002,1010002,True,263,dwell_complete,withheld-source-5ec794198861911435a6
additional,H2,rgb_bibranch_matched,0,top,910003,1010003,True,400,dwell_complete,withheld-source-5ec794198861911435a6
additional,H2,rgb_bibranch_matched,0,head,910001,1010001,True,284,dwell_complete,withheld-source-6baa379062ba9e9ae5b5
additional,H2,rgb_bibranch_matched,0,head,910002,1010002,True,269,dwell_complete,withheld-source-6baa379062ba9e9ae5b5
additional,H2,rgb_bibranch_matched,0,head,910003,1010003,True,403,dwell_complete,withheld-source-6baa379062ba9e9ae5b5
additional,H2,depth_only,0,none,910001,1010001,True,1940,dwell_complete,withheld-source-996832e1627601335c75
additional,H2,depth_only,0,none,910002,1010002,True,277,dwell_complete,withheld-source-996832e1627601335c75
additional,H2,depth_only,0,none,910003,1010003,True,402,dwell_complete,withheld-source-996832e1627601335c75
additional,H2,depth_only,0,top,910001,1010001,False,2000,max_steps,withheld-source-a362772045e5cfc95bfd
additional,H2,depth_only,0,top,910002,1010002,False,2000,max_steps,withheld-source-a362772045e5cfc95bfd
additional,H2,depth_only,0,top,910003,1010003,True,593,dwell_complete,withheld-source-a362772045e5cfc95bfd
additional,H2,depth_only,0,head,910001,1010001,False,2000,max_steps,withheld-source-29e7b447086b2a723e27
additional,H2,depth_only,0,head,910002,1010002,False,2000,max_steps,withheld-source-29e7b447086b2a723e27
additional,H2,depth_only,0,head,910003,1010003,True,425,dwell_complete,withheld-source-29e7b447086b2a723e27
additional,H2,depth_stacking,0,none,910001,1010001,True,303,dwell_complete,withheld-source-384a6acbb9ae1f325c40
additional,H2,depth_stacking,0,none,910002,1010002,True,278,dwell_complete,withheld-source-384a6acbb9ae1f325c40
additional,H2,depth_stacking,0,none,910003,1010003,True,340,dwell_complete,withheld-source-384a6acbb9ae1f325c40
additional,H2,depth_stacking,0,top,910001,1010001,True,304,dwell_complete,withheld-source-73425b43fbaf5b8eae45
additional,H2,depth_stacking,0,top,910002,1010002,True,258,dwell_complete,withheld-source-73425b43fbaf5b8eae45
additional,H2,depth_stacking,0,top,910003,1010003,True,546,dwell_complete,withheld-source-73425b43fbaf5b8eae45
additional,H2,depth_stacking,0,head,910001,1010001,True,333,dwell_complete,withheld-source-30935bf4752413b120a2
additional,H2,depth_stacking,0,head,910002,1010002,True,273,dwell_complete,withheld-source-30935bf4752413b120a2
additional,H2,depth_stacking,0,head,910003,1010003,True,322,dwell_complete,withheld-source-30935bf4752413b120a2
additional,H2,gated_fusion,0,none,910001,1010001,True,291,dwell_complete,withheld-source-f9c33244461294b3367f
additional,H2,gated_fusion,0,none,910002,1010002,True,277,dwell_complete,withheld-source-f9c33244461294b3367f
additional,H2,gated_fusion,0,none,910003,1010003,True,411,dwell_complete,withheld-source-f9c33244461294b3367f
additional,H2,gated_fusion,0,top,910001,1010001,True,405,dwell_complete,withheld-source-fb1f9e8e8fb90b6a29d2
additional,H2,gated_fusion,0,top,910002,1010002,True,267,dwell_complete,withheld-source-fb1f9e8e8fb90b6a29d2
additional,H2,gated_fusion,0,top,910003,1010003,True,575,dwell_complete,withheld-source-fb1f9e8e8fb90b6a29d2
additional,H2,gated_fusion,0,head,910001,1010001,True,947,dwell_complete,withheld-source-1aa89d7e9d3606513d94
additional,H2,gated_fusion,0,head,910002,1010002,True,942,dwell_complete,withheld-source-1aa89d7e9d3606513d94
additional,H2,gated_fusion,0,head,910003,1010003,True,489,dwell_complete,withheld-source-1aa89d7e9d3606513d94
additional,H2,gt,0,none,910001,1010001,True,406,dwell_complete,withheld-source-5f1b48020ef8bc40f53e
additional,H2,gt,0,none,910002,1010002,True,268,dwell_complete,withheld-source-5f1b48020ef8bc40f53e
additional,H2,gt,0,none,910003,1010003,True,417,dwell_complete,withheld-source-5f1b48020ef8bc40f53e
additional,H2,gt,0,top,910001,1010001,True,394,dwell_complete,withheld-source-bb44fc5f1feb714f3f80
additional,H2,gt,0,top,910002,1010002,True,267,dwell_complete,withheld-source-bb44fc5f1feb714f3f80
additional,H2,gt,0,top,910003,1010003,True,657,dwell_complete,withheld-source-bb44fc5f1feb714f3f80
additional,H2,gt,0,head,910001,1010001,True,333,dwell_complete,withheld-source-a78851ad5c417234d165
additional,H2,gt,0,head,910002,1010002,True,403,dwell_complete,withheld-source-a78851ad5c417234d165
additional,H2,gt,0,head,910003,1010003,True,323,dwell_complete,withheld-source-a78851ad5c417234d165
additional,H2,camera3d,0,none,910001,1010001,False,2000,max_steps,withheld-source-5c6b662bc9f825b1f297
additional,H2,camera3d,0,none,910002,1010002,False,2000,max_steps,withheld-source-5c6b662bc9f825b1f297
additional,H2,camera3d,0,none,910003,1010003,False,2000,max_steps,withheld-source-5c6b662bc9f825b1f297
additional,H2,camera3d,0,top,910001,1010001,False,2000,max_steps,withheld-source-5452811175df2cb13151
additional,H2,camera3d,0,top,910002,1010002,False,2000,max_steps,withheld-source-5452811175df2cb13151
additional,H2,camera3d,0,top,910003,1010003,False,2000,max_steps,withheld-source-5452811175df2cb13151
additional,H2,camera3d,0,head,910001,1010001,False,2000,max_steps,withheld-source-a64a25527361b63a00c5
additional,H2,camera3d,0,head,910002,1010002,False,2000,max_steps,withheld-source-a64a25527361b63a00c5
additional,H2,camera3d,0,head,910003,1010003,False,2000,max_steps,withheld-source-a64a25527361b63a00c5
primary_ext,H1,rgb,0,none,910016,1010016,True,1221,dwell_complete,withheld-source-941dba5b3b33661a597f
primary_ext,H1,rgb,0,none,910017,1010017,True,1021,dwell_complete,withheld-source-87f2564753c8d8187581
primary_ext,H1,rgb,0,none,910018,1010018,True,1245,dwell_complete,withheld-source-50410510d3a9e73dae17
primary_ext,H1,rgb,0,none,910019,1010019,True,764,dwell_complete,withheld-source-ec16b60dbbbf320beea6
primary_ext,H1,rgb,0,none,910020,1010020,True,787,dwell_complete,withheld-source-d6c79846eb5aabb759f8
primary_ext,H1,rgb,0,none,910021,1010021,True,682,dwell_complete,withheld-source-732ce2c20181e7171b66
primary_ext,H1,rgb,0,top,910016,1010016,False,2000,max_steps,withheld-source-4721e8aa98e9ab3ad863
primary_ext,H1,rgb,0,top,910017,1010017,True,401,dwell_complete,withheld-source-7e383587d57d70178818
primary_ext,H1,rgb,0,top,910018,1010018,True,347,dwell_complete,withheld-source-714087f4b355bb37ee52
primary_ext,H1,rgb,0,top,910019,1010019,False,2000,max_steps,withheld-source-5dbb67fbe5c8b98cfe43
primary_ext,H1,rgb,0,top,910020,1010020,True,1009,dwell_complete,withheld-source-d94b924ef4c8e7b3086b
primary_ext,H1,rgb,0,top,910021,1010021,True,923,dwell_complete,withheld-source-f37ec25a4f8bae0b860d
primary_ext,H1,rgb,0,front,910016,1010016,True,641,dwell_complete,withheld-source-f4acd3676c602766d38d
primary_ext,H1,rgb,0,front,910017,1010017,False,2000,max_steps,withheld-source-77e25dfc2729823923a5
primary_ext,H1,rgb,0,front,910018,1010018,True,992,dwell_complete,withheld-source-7d46c254ab4f91354283
primary_ext,H1,rgb,0,front,910019,1010019,False,2000,max_steps,withheld-source-e38cadb562d1ac5a18e6
primary_ext,H1,rgb,0,front,910020,1010020,True,818,dwell_complete,withheld-source-de5ed39bce58bb956cdd
primary_ext,H1,rgb,0,front,910021,1010021,False,2000,max_steps,withheld-source-388d5e2e0e2cbb5fe108
primary_ext,H1,rgb,0,head,910016,1010016,True,443,dwell_complete,withheld-source-903706b44faa5dbe0740
primary_ext,H1,rgb,0,head,910017,1010017,True,752,dwell_complete,withheld-source-28057c75ee7a643b5ab5
primary_ext,H1,rgb,0,head,910018,1010018,True,1185,dwell_complete,withheld-source-ccd343dd034fe6cdfe52
primary_ext,H1,rgb,0,head,910019,1010019,True,479,dwell_complete,withheld-source-61df40ead90ff9f67ace
primary_ext,H1,rgb,0,head,910020,1010020,True,536,dwell_complete,withheld-source-328c4d47de3ac3c60d9c
primary_ext,H1,rgb,0,head,910021,1010021,True,448,dwell_complete,withheld-source-b778a056d91271a08b80
primary_ext,H1,depth,0,none,910016,1010016,True,1065,dwell_complete,withheld-source-c91a5de6bb7c9df4acef
primary_ext,H1,depth,0,none,910017,1010017,True,468,dwell_complete,withheld-source-8b600ac1bb910c811430
primary_ext,H1,depth,0,none,910018,1010018,True,1054,dwell_complete,withheld-source-954a05fc1237edfbe0e8
primary_ext,H1,depth,0,none,910019,1010019,True,947,dwell_complete,withheld-source-39aae3edb43340b5e962
primary_ext,H1,depth,0,none,910020,1010020,True,486,dwell_complete,withheld-source-0878c14fc1cfd7959c29
primary_ext,H1,depth,0,none,910021,1010021,True,1114,dwell_complete,withheld-source-6aa116ee51560785879a
primary_ext,H1,depth,0,top,910016,1010016,True,1205,dwell_complete,withheld-source-ca2a83d720aa6511bdfc
primary_ext,H1,depth,0,top,910017,1010017,False,2000,max_steps,withheld-source-6be52d8c1f4cae639c4c
primary_ext,H1,depth,0,top,910018,1010018,True,1162,dwell_complete,withheld-source-096bd1b4b4461f1b8f27
primary_ext,H1,depth,0,top,910019,1010019,True,868,dwell_complete,withheld-source-96a77f3410e7721c9d05
primary_ext,H1,depth,0,top,910020,1010020,False,2000,max_steps,withheld-source-c46912ea5dc4e6757b5f
primary_ext,H1,depth,0,top,910021,1010021,True,578,dwell_complete,withheld-source-5537433fa31480c87af9
primary_ext,H1,depth,0,front,910016,1010016,True,1071,dwell_complete,withheld-source-c045b9407797d468cebe
primary_ext,H1,depth,0,front,910017,1010017,False,2000,max_steps,withheld-source-0a1335f9acec89ece5dd
primary_ext,H1,depth,0,front,910018,1010018,True,1126,dwell_complete,withheld-source-717776f83605590b4434
primary_ext,H1,depth,0,front,910019,1010019,False,2000,max_steps,withheld-source-fc7a523c687a5800b432
primary_ext,H1,depth,0,front,910020,1010020,True,1180,dwell_complete,withheld-source-f895682f652c937a33e5
primary_ext,H1,depth,0,front,910021,1010021,False,2000,max_steps,withheld-source-42096c0e8a261ee77945
primary_ext,H1,depth,0,head,910016,1010016,True,520,dwell_complete,withheld-source-b59029874936b7e59c07
primary_ext,H1,depth,0,head,910017,1010017,True,816,dwell_complete,withheld-source-0122527105b297b9ecc2
primary_ext,H1,depth,0,head,910018,1010018,True,1249,dwell_complete,withheld-source-b1f3019d17be5974d242
primary_ext,H1,depth,0,head,910019,1010019,True,608,dwell_complete,withheld-source-ba150e4fdf34d69cb738
primary_ext,H1,depth,0,head,910020,1010020,True,1164,dwell_complete,withheld-source-53a2050ffad3e1ffa460
primary_ext,H1,depth,0,head,910021,1010021,True,641,dwell_complete,withheld-source-7e17cf3d5c0af65353dc
additional,H1,random_depth,0,none,910016,1010016,True,889,dwell_complete,withheld-source-7ef1bd7db6f98487196b
additional,H1,random_depth,0,none,910017,1010017,True,591,dwell_complete,withheld-source-7ef1bd7db6f98487196b
additional,H1,random_depth,0,none,910018,1010018,True,380,dwell_complete,withheld-source-7ef1bd7db6f98487196b
additional,H1,random_depth,0,none,910019,1010019,True,936,dwell_complete,withheld-source-7ef1bd7db6f98487196b
additional,H1,random_depth,0,none,910020,1010020,True,1250,dwell_complete,withheld-source-7ef1bd7db6f98487196b
additional,H1,random_depth,0,none,910021,1010021,True,1018,dwell_complete,withheld-source-7ef1bd7db6f98487196b
additional,H1,rgb_bibranch_matched,0,none,910016,1010016,True,470,dwell_complete,withheld-source-b8199c1e88539c59b569
additional,H1,rgb_bibranch_matched,0,none,910017,1010017,True,741,dwell_complete,withheld-source-b8199c1e88539c59b569
additional,H1,rgb_bibranch_matched,0,none,910018,1010018,False,2000,max_steps,withheld-source-b8199c1e88539c59b569
additional,H1,rgb_bibranch_matched,0,none,910019,1010019,True,1002,dwell_complete,withheld-source-b8199c1e88539c59b569
additional,H1,rgb_bibranch_matched,0,none,910020,1010020,True,666,dwell_complete,withheld-source-b8199c1e88539c59b569
additional,H1,rgb_bibranch_matched,0,none,910021,1010021,True,763,dwell_complete,withheld-source-b8199c1e88539c59b569
additional,H1,random_depth,0,top,910016,1010016,True,603,dwell_complete,withheld-source-7ef1bd7db6f98487196b
additional,H1,random_depth,0,top,910017,1010017,False,2000,max_steps,withheld-source-7ef1bd7db6f98487196b
additional,H1,random_depth,0,top,910018,1010018,True,703,dwell_complete,withheld-source-7ef1bd7db6f98487196b
additional,H1,random_depth,0,top,910019,1010019,True,944,dwell_complete,withheld-source-7ef1bd7db6f98487196b
additional,H1,random_depth,0,top,910020,1010020,False,2000,max_steps,withheld-source-7ef1bd7db6f98487196b
additional,H1,random_depth,0,top,910021,1010021,True,496,dwell_complete,withheld-source-7ef1bd7db6f98487196b
additional,H1,rgb_bibranch_matched,0,top,910016,1010016,True,657,dwell_complete,withheld-source-b8199c1e88539c59b569
additional,H1,rgb_bibranch_matched,0,top,910017,1010017,False,2000,max_steps,withheld-source-b8199c1e88539c59b569
additional,H1,rgb_bibranch_matched,0,top,910018,1010018,True,1063,dwell_complete,withheld-source-b8199c1e88539c59b569
additional,H1,rgb_bibranch_matched,0,top,910019,1010019,True,1124,dwell_complete,withheld-source-b8199c1e88539c59b569
additional,H1,rgb_bibranch_matched,0,top,910020,1010020,False,2000,max_steps,withheld-source-b8199c1e88539c59b569
additional,H1,rgb_bibranch_matched,0,top,910021,1010021,True,1061,dwell_complete,withheld-source-b8199c1e88539c59b569
additional,H1,random_depth,0,front,910016,1010016,True,1038,dwell_complete,withheld-source-7ef1bd7db6f98487196b
additional,H1,random_depth,0,front,910017,1010017,False,2000,max_steps,withheld-source-7ef1bd7db6f98487196b
additional,H1,random_depth,0,front,910018,1010018,True,1176,dwell_complete,withheld-source-7ef1bd7db6f98487196b
additional,H1,random_depth,0,front,910019,1010019,False,2000,max_steps,withheld-source-7ef1bd7db6f98487196b
additional,H1,random_depth,0,front,910020,1010020,True,1002,dwell_complete,withheld-source-7ef1bd7db6f98487196b
additional,H1,random_depth,0,front,910021,1010021,False,2000,max_steps,withheld-source-7ef1bd7db6f98487196b
additional,H1,rgb_bibranch_matched,0,front,910016,1010016,True,751,dwell_complete,withheld-source-b8199c1e88539c59b569
additional,H1,rgb_bibranch_matched,0,front,910017,1010017,False,2000,max_steps,withheld-source-b8199c1e88539c59b569
additional,H1,rgb_bibranch_matched,0,front,910018,1010018,True,636,dwell_complete,withheld-source-b8199c1e88539c59b569
additional,H1,rgb_bibranch_matched,0,front,910019,1010019,True,1102,dwell_complete,withheld-source-b8199c1e88539c59b569
additional,H1,rgb_bibranch_matched,0,front,910020,1010020,False,2000,max_steps,withheld-source-b8199c1e88539c59b569
additional,H1,rgb_bibranch_matched,0,front,910021,1010021,False,2000,max_steps,withheld-source-b8199c1e88539c59b569
additional,H1,random_depth,0,head,910016,1010016,True,389,dwell_complete,withheld-source-7ef1bd7db6f98487196b
additional,H1,random_depth,0,head,910017,1010017,True,827,dwell_complete,withheld-source-7ef1bd7db6f98487196b
additional,H1,random_depth,0,head,910018,1010018,True,580,dwell_complete,withheld-source-7ef1bd7db6f98487196b
additional,H1,random_depth,0,head,910019,1010019,True,829,dwell_complete,withheld-source-7ef1bd7db6f98487196b
additional,H1,random_depth,0,head,910020,1010020,True,527,dwell_complete,withheld-source-7ef1bd7db6f98487196b
additional,H1,random_depth,0,head,910021,1010021,True,544,dwell_complete,withheld-source-7ef1bd7db6f98487196b
additional,H1,rgb_bibranch_matched,0,head,910016,1010016,True,1100,dwell_complete,withheld-source-b8199c1e88539c59b569
additional,H1,rgb_bibranch_matched,0,head,910017,1010017,True,864,dwell_complete,withheld-source-b8199c1e88539c59b569
additional,H1,rgb_bibranch_matched,0,head,910018,1010018,True,1029,dwell_complete,withheld-source-b8199c1e88539c59b569
additional,H1,rgb_bibranch_matched,0,head,910019,1010019,True,1095,dwell_complete,withheld-source-b8199c1e88539c59b569
additional,H1,rgb_bibranch_matched,0,head,910020,1010020,True,580,dwell_complete,withheld-source-b8199c1e88539c59b569
additional,H1,rgb_bibranch_matched,0,head,910021,1010021,True,920,dwell_complete,withheld-source-b8199c1e88539c59b569
additional,H1,rgb_bibranch_matched,0,front,910001,1010001,True,993,dwell_complete,withheld-source-b8199c1e88539c59b569
additional,H1,rgb_bibranch_matched,0,front,910002,1010002,False,2000,max_steps,withheld-source-b8199c1e88539c59b569
additional,H1,rgb_bibranch_matched,0,front,910003,1010003,True,1244,dwell_complete,withheld-source-b8199c1e88539c59b569
additional,H1,rgb_bibranch_matched,0,front,910008,1010008,True,1113,dwell_complete,withheld-source-b8199c1e88539c59b569
additional,H1,rgb_bibranch_matched,0,front,910009,1010009,False,2000,max_steps,withheld-source-b8199c1e88539c59b569
additional,H1,rgb_bibranch_matched,0,front,910010,1010010,False,2000,max_steps,withheld-source-b8199c1e88539c59b569
additional,H1,random_depth,0,front,910001,1010001,False,2000,max_steps,withheld-source-7ef1bd7db6f98487196b
additional,H1,random_depth,0,front,910002,1010002,False,2000,max_steps,withheld-source-7ef1bd7db6f98487196b
additional,H1,random_depth,0,front,910003,1010003,True,527,dwell_complete,withheld-source-7ef1bd7db6f98487196b
additional,H1,random_depth,0,front,910008,1010008,True,772,dwell_complete,withheld-source-7ef1bd7db6f98487196b
additional,H1,random_depth,0,front,910009,1010009,False,2000,max_steps,withheld-source-7ef1bd7db6f98487196b
additional,H1,random_depth,0,front,910010,1010010,True,539,dwell_complete,withheld-source-7ef1bd7db6f98487196b
