tag,kind,group,training_seed,scene_id,env_seed,policy_seed,success,reason,policy_steps,wall_s,physics_integrated_duration_s,physics_steps,physics_timestep_s,first_success_sim_time_s,post_success_requested_s,followup_complete,first_trace_sim_time_s,last_trace_sim_time_s,signed_work_5j_j,positive_work_5j_j,absolute_work_5j_j,peak_single_joint_power_w,upper_bound_simultaneous_abs_power_5j_w,exact_peak_simultaneous_abs_power_5j_w,power_peak_definition,work_window,checkpoint_sha256,summary_path,trace_path,trace_sha256,execution_host,canonical_storage_host,full_physics_torque_velocity_trace_available
record-f975db94c7cd5bd5,depth,corrected,0,fixed_phase2_geometry,970000,980000,True,threshold_and_followup,3486,1870.7270343239943,174.3,87150,0.002,172.50000000009555,2.0,True,0.20400000000000015,174.5000000001051,595.9259820558584,601.8675203269894,607.8090585981203,157.01800124314747,220.04465983242696,,max over joints and time abs(tau_j*omega_j); NOT simultaneous sum peak,entire observed episode including followup when successful,d7aa7b03d58af938d95ecc19a4ff2c4468520ab174d1f5f105ccae919f9d1638,withheld-source-4b593c5f1785b1d69c64,withheld-source-e50d5dcfc1975aaa768d,d1722be994b1610b2a6869c8d4accea720786eaf663c76e9ab9928730c67113b,H2,H2,False
record-c07e475e1e481814,depth,corrected,0,fixed_phase2_geometry,970001,980001,False,max_steps,20000,12068.714021135995,1000.0020000000001,500001,0.002,,2.0,False,0.20400000000000015,1000.2019999901721,1105.636626409505,1119.6596412216534,1133.6826560338004,380.26515428868555,471.8558703816454,,max over joints and time abs(tau_j*omega_j); NOT simultaneous sum peak,entire observed episode including followup when successful,d7aa7b03d58af938d95ecc19a4ff2c4468520ab174d1f5f105ccae919f9d1638,withheld-source-74decdda93e24e91fcb7,withheld-source-f94c5273167a6c0a4bc6,dc5bc441f33103ee35422aeafd94d70f81fb2301e2fcf0c302aea6a877160f3f,H2,H2,False
record-cdd3acfefa828212,depth,corrected,0,fixed_phase2_geometry,970002,980002,True,threshold_and_followup,18089,11768.669747916007,904.412,452206,0.002,902.6099999924799,2.0,True,0.20400000000000015,904.6119999924325,1143.1740516442876,1161.4136592860075,1179.6532669277294,1184.3943864676141,1417.698269465872,,max over joints and time abs(tau_j*omega_j); NOT simultaneous sum peak,entire observed episode including followup when successful,d7aa7b03d58af938d95ecc19a4ff2c4468520ab174d1f5f105ccae919f9d1638,withheld-source-3ad834a6c9ce302f2b53,withheld-source-29e98abedd8d4a3f1b81,242b544060949d959d947f81973b74700b0fe75d5dc1e3d735786f66fff9f1a6,H2,H2,False
record-be94ee836f30aea2,depth,corrected,0,fixed_phase2_geometry,970003,980003,False,max_steps,20000,12085.785831353991,1000.0020000000001,500001,0.002,,2.0,False,0.20400000000000015,1000.2019999901721,1343.0844859987585,1363.1186700485937,1383.152854098427,657.8575981486022,808.1371834099989,,max over joints and time abs(tau_j*omega_j); NOT simultaneous sum peak,entire observed episode including followup when successful,d7aa7b03d58af938d95ecc19a4ff2c4468520ab174d1f5f105ccae919f9d1638,withheld-source-316164f77f2f0e194c54,withheld-source-c202356f395b87e9adfc,e3db383ba966b5f8ae9f5aa227d47b0014b289c153130a512ddb9fff8d32707f,H2,H2,False
record-9393f168830c9e65,depth,corrected,0,fixed_phase2_geometry,970004,980004,False,max_steps,20000,11709.273914575999,1000.0020000000001,500001,0.002,,2.0,False,0.20400000000000015,1000.2019999901721,1273.3209447093868,1292.1284841210768,1310.9360235327686,801.1844260686814,941.1104448577116,,max over joints and time abs(tau_j*omega_j); NOT simultaneous sum peak,entire observed episode including followup when successful,d7aa7b03d58af938d95ecc19a4ff2c4468520ab174d1f5f105ccae919f9d1638,withheld-source-4117311f8b63f8968c64,withheld-source-ef86b684928b63fb297e,d1d6b4da7a1b50ad7867c9cba15eb3437e422ced547f24453ef88122969ae2ca,H2,H2,False
record-0c89dbb461741078,depth,corrected,0,fixed_phase2_geometry,970005,980005,True,threshold_and_followup,4962,2877.2739991710114,248.06,124030,0.002,246.26000000044775,2.0,True,0.20400000000000015,248.2600000004573,665.4177587965208,672.7522282881,680.0866977796774,120.06418559291123,178.11276410480122,,max over joints and time abs(tau_j*omega_j); NOT simultaneous sum peak,entire observed episode including followup when successful,d7aa7b03d58af938d95ecc19a4ff2c4468520ab174d1f5f105ccae919f9d1638,withheld-source-f6b26b584448e1abeba0,withheld-source-b47e8fc2f5b992bca2bd,8ea92fef8e8f461d552a001bb467635f5f4743f62f676ceeaa9caad22c2cd4f7,H2,H2,False
record-ffef6e48f9135baa,depth,corrected,0,fixed_phase2_geometry,970006,980006,True,threshold_and_followup,4799,2899.7818979690055,239.92000000000002,119960,0.002,238.12000000040888,2.0,True,0.20400000000000015,240.12000000041843,638.6415662682989,648.2823390622611,657.923111856224,130.62391698152464,186.53721012105524,,max over joints and time abs(tau_j*omega_j); NOT simultaneous sum peak,entire observed episode including followup when successful,d7aa7b03d58af938d95ecc19a4ff2c4468520ab174d1f5f105ccae919f9d1638,withheld-source-de978aee4aab638b25bb,withheld-source-e75409bcea3d5d118538,fa417caf05386fb634103ea92007bc0b9c21e6cf1237f9ad1d2fea9ac5568645,H2,H2,False
record-307343989ddde898,depth,corrected,0,fixed_phase2_geometry,970007,980007,True,threshold_and_followup,785,407.1762556419999,39.24,19620,0.002,37.43999999999979,2.0,True,0.20400000000000015,39.440000000002236,328.34038609713406,331.4390030779207,334.5376200587079,54.329893405078174,108.73893224937942,,max over joints and time abs(tau_j*omega_j); NOT simultaneous sum peak,entire observed episode including followup when successful,d7aa7b03d58af938d95ecc19a4ff2c4468520ab174d1f5f105ccae919f9d1638,withheld-source-8b3e825ea7e18d97830c,withheld-source-2eb3cba7402ac8d8f620,87fd277980c5190c8e95aafa4a71c42fc09270fb045bc70ebca279fc1bdb6818,H2,H2,False
record-e477aa395bfac7a9,depth,corrected,0,fixed_phase2_geometry,970008,980008,True,threshold_and_followup,5173,2986.411334908975,258.612,129306,0.002,256.81200000049813,2.0,True,0.20400000000000015,258.8120000005077,1094.0010343606925,1112.1013275914459,1130.2016208221999,957.9987390187677,1115.1693874083812,,max over joints and time abs(tau_j*omega_j); NOT simultaneous sum peak,entire observed episode including followup when successful,d7aa7b03d58af938d95ecc19a4ff2c4468520ab174d1f5f105ccae919f9d1638,withheld-source-d7b4a98a388789bcbf30,withheld-source-8482616edb7651668b8a,d596a76fd61ed4642d3330cbbde6281fb53a259488767be28ecfe699f2bf1aec,H2,H2,False
record-95d861be5b8be43f,depth,corrected,0,fixed_phase2_geometry,970009,980009,False,max_steps,20000,8153.778807327617,1000.0020000000001,500001,0.002,,2.0,False,0.20400000000000015,1000.2019999901721,1214.0337273940142,1232.1433906876778,1250.253053981338,621.215406142284,734.0570564568283,,max over joints and time abs(tau_j*omega_j); NOT simultaneous sum peak,entire observed episode including followup when successful,d7aa7b03d58af938d95ecc19a4ff2c4468520ab174d1f5f105ccae919f9d1638,withheld-source-9f4d87294bcb6baf4635,withheld-source-0cf7634a9beb209baf1c,5fd67d91f7866e03f0723075a96da4601a0907e0a26aa9fe07f6b6094f06d87f,H1,H2,False
record-781daaceb8d2d107,rgb,corrected,0,fixed_phase2_geometry,970000,980000,False,max_steps,20000,11572.134372853998,1000.0020000000001,500001,0.002,,2.0,False,0.20400000000000015,1000.2019999901721,660.0463741748972,680.5492359395611,701.0520977042139,666.4318340660075,802.3212766789659,,max over joints and time abs(tau_j*omega_j); NOT simultaneous sum peak,entire observed episode including followup when successful,5d148da06db54f24c7af5a5d3000296c6ab80e06375111491cde93ae6f0a553b,withheld-source-77500228b325c1c974ee,withheld-source-def66a13fbdf9576a25a,e3a14fb2d65c314e38afffc61e39c505476734dd9ee763f2f3044eb5bccccc6f,H2,H2,False
record-e45d079c76b82f78,rgb,corrected,0,fixed_phase2_geometry,970001,980001,False,max_steps,20000,12396.422324977,1000.0020000000001,500001,0.002,,2.0,False,0.20400000000000015,1000.2019999901721,775.7009572928944,792.8056673394428,809.9103773859945,199.01810748779405,256.3272738437127,,max over joints and time abs(tau_j*omega_j); NOT simultaneous sum peak,entire observed episode including followup when successful,5d148da06db54f24c7af5a5d3000296c6ab80e06375111491cde93ae6f0a553b,withheld-source-ced08464c4458b97c49b,withheld-source-d43ec1d59107943117b0,b496e5984ea526943c2e0a5cc558943c153a0d207108798db23fd3653cb02cc7,H2,H2,False
record-432695a066994534,rgb,corrected,0,fixed_phase2_geometry,970002,980002,False,max_steps,20000,12306.000772775995,1000.0020000000001,500001,0.002,,2.0,False,0.20400000000000015,1000.2019999901721,817.0247826984453,835.615677753103,854.2065728077673,151.7246398526488,214.20790063922212,,max over joints and time abs(tau_j*omega_j); NOT simultaneous sum peak,entire observed episode including followup when successful,5d148da06db54f24c7af5a5d3000296c6ab80e06375111491cde93ae6f0a553b,withheld-source-46348b5ffbf60d03e8b4,withheld-source-4a8abe6290fcfef0bc83,c7f760cafc4d3ab25cbbc7cc97e0c9abc3347b00a9fed750126aefc99b425fb5,H2,H2,False
record-2369620f3ccc9b41,rgb,corrected,0,fixed_phase2_geometry,970003,980003,False,max_steps,20000,12598.71201868399,1000.0020000000001,500001,0.002,,2.0,False,0.20400000000000015,1000.2019999901721,602.5827172358061,621.8679892303147,641.1532612248209,522.2818089677351,618.3261092464521,,max over joints and time abs(tau_j*omega_j); NOT simultaneous sum peak,entire observed episode including followup when successful,5d148da06db54f24c7af5a5d3000296c6ab80e06375111491cde93ae6f0a553b,withheld-source-0cab63b2d44caba6e798,withheld-source-f24c39be95d150d7868b,a4f5d4e2059528e46566c8704255b46c40c3c377e29c3e4be3864240a5282900,H2,H2,False
record-1de1847a13a5d0d4,rgb,corrected,0,fixed_phase2_geometry,970004,980004,False,max_steps,20000,12265.907433003013,1000.0020000000001,500001,0.002,,2.0,False,0.20400000000000015,1000.2019999901721,852.2808543083356,869.5975849163353,886.9143155243349,232.00923389097275,290.35863837799764,,max over joints and time abs(tau_j*omega_j); NOT simultaneous sum peak,entire observed episode including followup when successful,5d148da06db54f24c7af5a5d3000296c6ab80e06375111491cde93ae6f0a553b,withheld-source-ffed3016fbec7f25ba35,withheld-source-f04616194af3b70635cf,6c22d09a95ae1ca75bdcfa471371609916d6934e9c14767f4376ea2f00090b4f,H2,H2,False
record-3ba4cb42eb2bdfdb,rgb,corrected,0,fixed_phase2_geometry,970005,980005,False,max_steps,20000,12133.31290204599,1000.0020000000001,500001,0.002,,2.0,False,0.20400000000000015,1000.2019999901721,1684.601809898981,1710.947509862391,1737.2932098257947,654.2183964762423,773.6979596413247,,max over joints and time abs(tau_j*omega_j); NOT simultaneous sum peak,entire observed episode including followup when successful,5d148da06db54f24c7af5a5d3000296c6ab80e06375111491cde93ae6f0a553b,withheld-source-801bd941c52fc6de0a50,withheld-source-0bef56bd3ecd5a514080,fa47720e24deb66b01c62ee05962d274b84ef10852ad439a5915b31c4f7a7c53,H2,H2,False
record-762cb3a7bbdf8612,rgb,corrected,0,fixed_phase2_geometry,970006,980006,False,max_steps,20000,11498.29447604499,1000.0020000000001,500001,0.002,,2.0,False,0.20400000000000015,1000.2019999901721,755.8324494911707,774.2227975453383,792.6131455995104,399.36095361452703,479.5703299974195,,max over joints and time abs(tau_j*omega_j); NOT simultaneous sum peak,entire observed episode including followup when successful,5d148da06db54f24c7af5a5d3000296c6ab80e06375111491cde93ae6f0a553b,withheld-source-0119ac961d313259e84d,withheld-source-b97cbaf60b8c11dd22bf,8836304d9d5bdf8249b427f0f2b4fd714580b8f555b67ef9e4686a46ed0e189a,H2,H2,False
record-ea7d994da44cebd1,rgb,corrected,0,fixed_phase2_geometry,970007,980007,False,max_steps,20000,11981.171466554006,1000.0020000000001,500001,0.002,,2.0,False,0.20400000000000015,1000.2019999901721,803.0966840618629,817.1005028998784,831.1043217378954,504.7568810198534,599.6769142653598,,max over joints and time abs(tau_j*omega_j); NOT simultaneous sum peak,entire observed episode including followup when successful,5d148da06db54f24c7af5a5d3000296c6ab80e06375111491cde93ae6f0a553b,withheld-source-774514131cd67bc15981,withheld-source-7f36399d0f7cda41204e,342c8a0fba2819082014809434848c2f1662294257d9bab9d2677b165ebcf415,H2,H2,False
record-86d667355fbc8ddf,rgb,corrected,0,fixed_phase2_geometry,970008,980008,False,max_steps,20000,11335.806491866999,1000.0020000000001,500001,0.002,,2.0,False,0.20400000000000015,1000.2019999901721,1386.3342044065737,1407.952787170344,1429.571369934115,2223.423859099295,2637.361850714241,,max over joints and time abs(tau_j*omega_j); NOT simultaneous sum peak,entire observed episode including followup when successful,5d148da06db54f24c7af5a5d3000296c6ab80e06375111491cde93ae6f0a553b,withheld-source-9a5a4fd58db6b6cc9e30,withheld-source-2175e0e4e295ff16aa81,5863049c39a481b65438ca15c9454dab2ab1f7f01673f5bc1d6c9f0e7200e94c,H2,H2,False
record-d4203a7413cfb6e5,rgb,corrected,0,fixed_phase2_geometry,970009,980009,False,max_steps,20000,9959.504923847038,1000.0020000000001,500001,0.002,,2.0,False,0.20400000000000015,1000.2019999901721,935.6976519017161,960.8890259999737,986.0804000982362,1667.247818162076,1982.6546209556177,,max over joints and time abs(tau_j*omega_j); NOT simultaneous sum peak,entire observed episode including followup when successful,5d148da06db54f24c7af5a5d3000296c6ab80e06375111491cde93ae6f0a553b,withheld-source-2ee2ab83fe958f329a59,withheld-source-71ab1aa53129dfc2b3b9,1653c65af1c6ede322491f79312beb878c3efeaa72ee8985fee0218797bc1413,H1,H2,False
record-146c5571357dca3e,depth,legacy,unknown_legacy,fixed_phase2_geometry,960000,970000,True,threshold_and_followup,1035,508.41603250999833,51.708,25854,0.002,49.90800000001503,2.0,True,0.20400000000000015,51.90800000001747,425.10015171657506,429.8234609257167,434.54677013485843,89.25874519656288,147.77138693758104,,max over joints and time abs(tau_j*omega_j); NOT simultaneous sum peak,entire observed episode including followup when successful,58e257acf18d208b80eca9ea3ca111c68cc1ebc8060cd8f89ddf71e0a01c882a,withheld-source-7593e058f9f278ab1151,withheld-source-839f352982ae55b4b183,d3e94abd1a7a97c00660a0dd4e325cb129fd397af2a7d395dc3c368236b26ce6,H2,H2,False
record-f46b0c31bf385fbd,depth,legacy,unknown_legacy,fixed_phase2_geometry,960001,970001,True,threshold_and_followup,871,424.8566939600023,43.52,21760,0.002,41.72000000000502,2.0,True,0.20400000000000015,43.72000000000747,375.46156996072676,379.0624242777217,382.66327859471687,71.02093267073545,123.86758246056147,,max over joints and time abs(tau_j*omega_j); NOT simultaneous sum peak,entire observed episode including followup when successful,58e257acf18d208b80eca9ea3ca111c68cc1ebc8060cd8f89ddf71e0a01c882a,withheld-source-2315dc0974e326697723,withheld-source-05565479dbf404866ecc,aa827db2de985f1a9c6d98fbef62aa7ecd5fd53de2210ddfd7fcbb564a245410,H2,H2,False
record-d3b287102f9c7846,rgb,legacy,unknown_legacy,fixed_phase2_geometry,960000,970000,True,threshold_and_followup,937,459.7453592080001,46.836,23418,0.002,45.036000000009075,2.0,True,0.20400000000000015,47.03600000001152,473.2446931030491,477.5119611961486,481.7792292892482,139.864840208394,199.7143948620555,,max over joints and time abs(tau_j*omega_j); NOT simultaneous sum peak,entire observed episode including followup when successful,1686abb8acc190f7e118a0f14fbf71c96cc49d0d3584569eb4667f6e46582561,withheld-source-708cc522bcdb63466c74,withheld-source-f680b154d48bc6e5679c,eb663622ccb1d4f9529ed3ae5c4bacb7ed09c764a585401fb18eac436b6624a2,H2,H2,False
record-5114079c3c87caf3,rgb,legacy,unknown_legacy,fixed_phase2_geometry,960001,970001,True,threshold_and_followup,928,452.222640082,46.398,23199,0.002,44.59800000000854,2.0,True,0.20400000000000015,46.598000000010984,469.4627862798882,472.9071288294358,476.35147137898366,102.72116662082672,163.71053846703313,,max over joints and time abs(tau_j*omega_j); NOT simultaneous sum peak,entire observed episode including followup when successful,1686abb8acc190f7e118a0f14fbf71c96cc49d0d3584569eb4667f6e46582561,withheld-source-1dc56f34ba0fb2b0d398,withheld-source-5674081ef0dced4f1a28,b0f44ade7ad2169ce37740caf02eb600d6b4261c68cbbcc8782ded6229099f09,H2,H2,False
record-d936dff3f2b4feea,rgb,corrected,0,fixed_phase2_geometry,970010,980010,False,max_steps,20000,11643.427276025444,1000.002,500001,0.002,,2.0,False,0.20400000000000015,1000.204,761.833520133229,776.3636533861289,781.8763228062099,697.4919384599439,968.631857597915,,max over joints and time abs(tau_j*omega_j); NOT simultaneous sum peak,entire observed episode including followup when successful,5d148da06db54f24c7af5a5d3000296c6ab80e06375111491cde93ae6f0a553b,withheld-source-26400f931af7702ad23b,withheld-source-c1d92220f5ef9a9f7dd4,e0a91e448d181b9ceb5ebea3405618a3f5a687d902d7d8910a916f1737811f18,H2,H2,False
record-1b849deb042ce5ee,depth,corrected,0,fixed_phase2_geometry,970010,980010,True,threshold_and_followup,14152,7880.637200464947,707.6,353801,0.002,704.8661967550651,2.0,True,0.20400000000000015,707.802,745.7410440493719,756.5845512598873,760.6793944230892,747.0080791123937,1040.944200344367,,max over joints and time abs(tau_j*omega_j); NOT simultaneous sum peak,entire observed episode including followup when successful,d7aa7b03d58af938d95ecc19a4ff2c4468520ab174d1f5f105ccae919f9d1638,withheld-source-cf04184d811e0215796d,withheld-source-b20d6209903773f62f8f,c82ad782d01babd5ef3cbf966fe9e4c6db1c47c4dd466cf90ddbd091a0844563,H2,H2,False
record-00d172d2d7be6422,rgb,corrected,0,fixed_phase2_geometry,970011,980011,False,max_steps,20000,11685.625958190609,1000.002,500001,0.002,,2.0,False,0.20400000000000015,1000.204,804.8662246288561,823.6216147429428,833.2943754117944,2210.4924030387765,2797.2077559277786,,max over joints and time abs(tau_j*omega_j); NOT simultaneous sum peak,entire observed episode including followup when successful,5d148da06db54f24c7af5a5d3000296c6ab80e06375111491cde93ae6f0a553b,withheld-source-4a0d80d22fdc2eeb50ab,withheld-source-d0550bf7bb07d9dec48a,8cac4d1d8db66d969a8401a0cf85dacd0294abab88f9bbbfb1a237be384e0693,H2,H2,False
record-ef4ee316180b125a,depth,corrected,0,fixed_phase2_geometry,970011,980011,True,threshold_and_followup,5579,3318.7765793721583,278.95,139476,0.002,276.9883728213312,2.0,True,0.20400000000000015,279.152,827.9078656240913,836.8370199656703,841.9143111337162,137.72928799595067,181.7025379562374,,max over joints and time abs(tau_j*omega_j); NOT simultaneous sum peak,entire observed episode including followup when successful,d7aa7b03d58af938d95ecc19a4ff2c4468520ab174d1f5f105ccae919f9d1638,withheld-source-33ac956acb70af8e05c8,withheld-source-a57fe9af035e047a25fd,4846820dbe9feef31f4a6dd8a9d7078a9b3d366a024833c0235d4cc16874d0da,H2,H2,False
record-5270b0f60f13a98f,rgb,corrected,0,fixed_phase2_geometry,970012,980012,False,max_steps,20000,11514.200318945264,1000.002,500001,0.002,,2.0,False,0.20400000000000015,1000.204,612.7601349646941,628.344522670269,637.2418358860427,1079.020751327299,1378.8172870638286,,max over joints and time abs(tau_j*omega_j); NOT simultaneous sum peak,entire observed episode including followup when successful,5d148da06db54f24c7af5a5d3000296c6ab80e06375111491cde93ae6f0a553b,withheld-source-830f1e00a0a651b3e952,withheld-source-80e70a3cde261f3724c3,4b159341406569e37d0bd20c869a05c09ee31d4e8d6e17b406b241357b098a5e,H2,H2,False
record-19ed4caa5e02f664,depth,corrected,0,fixed_phase2_geometry,970012,980012,False,max_steps,20000,11466.137347829026,1000.002,500001,0.002,,2.0,False,0.20400000000000015,1000.204,1180.1964837642322,1203.2278423407963,1219.2010018482335,1376.7163389704363,1871.815634544525,,max over joints and time abs(tau_j*omega_j); NOT simultaneous sum peak,entire observed episode including followup when successful,d7aa7b03d58af938d95ecc19a4ff2c4468520ab174d1f5f105ccae919f9d1638,withheld-source-f5e2333652160b7ce7e0,withheld-source-631f20954351bbe18ea2,a09da46b4ed1cf01babc2e6702510cd57ba9a46f68ae9bae1a66971dfdb5f75a,H2,H2,False
record-67a918241ddc05c5,rgb,corrected,0,fixed_phase2_geometry,970013,980013,False,max_steps,20000,11032.392101318514,1000.002,500001,0.002,,2.0,False,0.20400000000000015,1000.204,428.4473429638456,435.52974782659606,439.8962683690954,2089.583993205616,2668.9640639289028,,max over joints and time abs(tau_j*omega_j); NOT simultaneous sum peak,entire observed episode including followup when successful,5d148da06db54f24c7af5a5d3000296c6ab80e06375111491cde93ae6f0a553b,withheld-source-7661b547182fb8f89004,withheld-source-e413e770284a4a282937,411576991fb2ab2d5431b2b51f65764491fca60e0798def4fd856538a4dbfd17,H2,H2,False
record-b7aa98e1d9233c3e,depth,corrected,0,fixed_phase2_geometry,970013,980013,True,threshold_and_followup,5813,3567.3083806162163,290.65000000000003,145326,0.002,287.76670790621614,2.0,True,0.20400000000000015,290.85200000000003,934.5246322951139,952.7425632121008,966.017328455115,391.81095276765194,536.9198901314157,,max over joints and time abs(tau_j*omega_j); NOT simultaneous sum peak,entire observed episode including followup when successful,d7aa7b03d58af938d95ecc19a4ff2c4468520ab174d1f5f105ccae919f9d1638,withheld-source-3ed5d6c48304db205c1a,withheld-source-371f9017ff84a986c60c,ed4ca84bc491138d59982d3421975de6279d40cae5826959968c5c6ee736c9b3,H2,H2,False
record-09d61a6d5e5ca106,rgb,corrected,0,fixed_phase2_geometry,970014,980014,False,max_steps,20000,12185.914026483868,1000.002,500001,0.002,,2.0,False,0.20400000000000015,1000.204,855.7823197620089,867.788748281322,872.5150819193148,1332.287048402647,1647.633912779351,,max over joints and time abs(tau_j*omega_j); NOT simultaneous sum peak,entire observed episode including followup when successful,5d148da06db54f24c7af5a5d3000296c6ab80e06375111491cde93ae6f0a553b,withheld-source-ea9a052249a94b1cacfb,withheld-source-95051127f076bda2f2b8,fcf527716b0abd33f32ddf2903ac0e7be6098f77ffaf8ce38826e9efb0f0339a,H2,H2,False
record-01896a18b0712d84,depth,corrected,0,fixed_phase2_geometry,970014,980014,True,threshold_and_followup,12167,7003.014179718833,608.35,304176,0.002,605.8983953691447,2.0,True,0.20400000000000015,608.552,644.7139763788443,660.8324933902499,667.540751610735,878.4780552001384,1070.4117205826517,,max over joints and time abs(tau_j*omega_j); NOT simultaneous sum peak,entire observed episode including followup when successful,d7aa7b03d58af938d95ecc19a4ff2c4468520ab174d1f5f105ccae919f9d1638,withheld-source-07f02ce33ffaf8ca58c1,withheld-source-c3ad6012531fe97ef5df,be2399f3214080be94818a9cbf16b15417c1940f46daa30fc8386b9cd5c8f8bd,H2,H2,False
record-f3890361f5d124b2,rgb,corrected,0,fixed_phase2_geometry,970015,980015,False,max_steps,20000,11133.986358763024,1000.002,500001,0.002,,2.0,False,0.20400000000000015,1000.204,855.1009787291979,874.4118746120472,881.0109559302754,2345.622530358016,3203.1791196690906,,max over joints and time abs(tau_j*omega_j); NOT simultaneous sum peak,entire observed episode including followup when successful,5d148da06db54f24c7af5a5d3000296c6ab80e06375111491cde93ae6f0a553b,withheld-source-8018399349e9d65eebb2,withheld-source-da62541853679f4c734c,321963fe6200297bea795854ab636b532ea7bc72c9cdc9d00f2a4fdd9e60d10b,H2,H2,False
record-68ad2702fed10953,depth,corrected,0,fixed_phase2_geometry,970015,980015,False,max_steps,20000,11195.857167589804,1000.002,500001,0.002,,2.0,False,0.20400000000000015,1000.204,1032.820948596597,1045.7128066538971,1061.6342180383444,360.49070127415297,497.6887664998137,,max over joints and time abs(tau_j*omega_j); NOT simultaneous sum peak,entire observed episode including followup when successful,d7aa7b03d58af938d95ecc19a4ff2c4468520ab174d1f5f105ccae919f9d1638,withheld-source-0a9ce680b68cb7dac643,withheld-source-c0878275ac66e6c706eb,cbbaa5854e08f1b9a8a4f8a275a1c24520e58183fb1b4055c997f8dc71ef97fc,H2,H2,False
record-199de62116055e3f,rgb,corrected,0,fixed_phase2_geometry,970016,980016,False,max_steps,20000,11070.035642131907,1000.002,500001,0.002,,2.0,False,0.20400000000000015,1000.204,389.51754130227465,393.88514134680094,398.30657131931935,2258.361503592945,3111.0489205543067,,max over joints and time abs(tau_j*omega_j); NOT simultaneous sum peak,entire observed episode including followup when successful,5d148da06db54f24c7af5a5d3000296c6ab80e06375111491cde93ae6f0a553b,withheld-source-32e7b91715fbb6d73911,withheld-source-5c8a3ee7538ed5c5015d,96fba4a074db34161c060394380c064543bf76bbef5d9e8dfa1f47d66907123e,H2,H2,False
record-b888aa989fe0dcf2,depth,corrected,0,fixed_phase2_geometry,970016,980016,True,threshold_and_followup,7081,3981.603950683254,354.05,177026,0.002,351.2072813217893,2.0,True,0.20400000000000015,354.252,574.8467659224134,583.6094065432854,590.1373527859939,526.2642780820947,705.9814019191805,,max over joints and time abs(tau_j*omega_j); NOT simultaneous sum peak,entire observed episode including followup when successful,d7aa7b03d58af938d95ecc19a4ff2c4468520ab174d1f5f105ccae919f9d1638,withheld-source-b801dc0d554accb62776,withheld-source-0bbbbab301e8e5a96f53,5ae2770710b2188a4c7ffcdec0487faf1cfd377346f39bc5ec14205107aecc4c,H2,H2,False
record-c39b5be5965b3e36,rgb,corrected,0,fixed_phase2_geometry,970017,980017,False,max_steps,20000,12159.74520457823,1000.002,500001,0.002,,2.0,False,0.20400000000000015,1000.204,760.3579777588511,773.7674368415531,780.8417212752739,1311.4230184211651,1738.9177164460948,,max over joints and time abs(tau_j*omega_j); NOT simultaneous sum peak,entire observed episode including followup when successful,5d148da06db54f24c7af5a5d3000296c6ab80e06375111491cde93ae6f0a553b,withheld-source-6af9ae528cfdcde475ad,withheld-source-eb25dbeb2e03d8eb075b,00278ed7c62112bf744c5001e5e727d34b646385b5d1abb74e430376a4cf100f,H2,H2,False
record-fb8d416450f0f9bd,depth,corrected,0,fixed_phase2_geometry,970017,980017,False,max_steps,20000,11742.67083056923,1000.002,500001,0.002,,2.0,False,0.20400000000000015,1000.204,1046.590225708519,1062.6797130520895,1074.188246437332,1138.694362682936,1553.8111457911136,,max over joints and time abs(tau_j*omega_j); NOT simultaneous sum peak,entire observed episode including followup when successful,d7aa7b03d58af938d95ecc19a4ff2c4468520ab174d1f5f105ccae919f9d1638,withheld-source-63d9590f0b3f52644b48,withheld-source-502674b64714c5685a42,702133bf54f60186cf809581b56ab2cdf654971b539fb59ef6ff952ebfde90e5,H2,H2,False
record-99ad7629c546e7b7,rgb,corrected,0,fixed_phase2_geometry,970018,980018,False,max_steps,20000,12250.43677220061,1000.002,500001,0.002,,2.0,False,0.20400000000000015,1000.204,890.5577645836457,912.0791050259757,919.1590812747448,659.4962240237699,782.8897306026133,,max over joints and time abs(tau_j*omega_j); NOT simultaneous sum peak,entire observed episode including followup when successful,5d148da06db54f24c7af5a5d3000296c6ab80e06375111491cde93ae6f0a553b,withheld-source-9ee4048e98093c5fe715,withheld-source-92e80b90b4a5c158c541,560c807aa4115b4bbac5e3bd733f4327383d2228a3596184ec69f0b1cd04ed17,H2,H2,False
record-e5e4fd8760209dfe,depth,corrected,0,fixed_phase2_geometry,970018,980018,True,threshold_and_followup,14399,8240.550467631798,719.95,359976,0.002,718.1281783415535,2.0,True,0.20400000000000015,720.152,687.8505054328704,702.7483359531092,708.7817036156401,719.8499073123483,971.4671056882279,,max over joints and time abs(tau_j*omega_j); NOT simultaneous sum peak,entire observed episode including followup when successful,d7aa7b03d58af938d95ecc19a4ff2c4468520ab174d1f5f105ccae919f9d1638,withheld-source-2225113fcee4027693df,withheld-source-d5517a50eb2a01ba09bc,3f2d5f416f2ab72660a71c394ce3cf9dbe9bd17c6d5c8923acf21d4935398420,H2,H2,False
record-891f9de94ba1d684,rgb,corrected,0,fixed_phase2_geometry,970019,980019,False,max_steps,20000,12190.04385277112,1000.002,500001,0.002,,2.0,False,0.20400000000000015,1000.204,677.7882592926858,690.0932502720526,697.1786120569885,619.6692702359912,849.0030210573901,,max over joints and time abs(tau_j*omega_j); NOT simultaneous sum peak,entire observed episode including followup when successful,5d148da06db54f24c7af5a5d3000296c6ab80e06375111491cde93ae6f0a553b,withheld-source-e6c8580d6b5ba24b4474,withheld-source-e10eea517d791c5976cd,93b57872483dc2ebf397f269d302964f07a88438541d5e1c0454296aac95a1f6,H2,H2,False
record-24f652b80cffcb0a,depth,corrected,0,fixed_phase2_geometry,970019,980019,True,threshold_and_followup,6184,3676.986715723734,309.20000000000005,154601,0.002,307.30577130178534,2.0,True,0.20400000000000015,309.40200000000004,707.7439254570222,724.245673493516,732.7091812086481,450.1495900623929,534.0301014270794,,max over joints and time abs(tau_j*omega_j); NOT simultaneous sum peak,entire observed episode including followup when successful,d7aa7b03d58af938d95ecc19a4ff2c4468520ab174d1f5f105ccae919f9d1638,withheld-source-d618db481b0bff64c913,withheld-source-5fc184e991536024420e,051c432d6c9779b6d78bff4ff97bf4af26c8e1c2a8c343e6b4a8a830800e1537,H2,H2,False
record-5a3e6b4b60d039ba,rgb,corrected,0,fixed_phase2_geometry,970020,980020,False,max_steps,20000,12296.358006429613,1000.002,500001,0.002,,2.0,False,0.20400000000000015,1000.204,666.8591738976027,680.1756546819222,687.1175037030066,757.8376699631183,998.4072930783896,,max over joints and time abs(tau_j*omega_j); NOT simultaneous sum peak,entire observed episode including followup when successful,5d148da06db54f24c7af5a5d3000296c6ab80e06375111491cde93ae6f0a553b,withheld-source-dae0f7927bfa02d0cdc7,withheld-source-1dd10aaf9ca221acd246,9077516d9d05cded9110e3eefa878f8c4c9d244772118ab2a36bc03bc883d92b,H2,H2,False
record-9ec7d49ce79b0487,depth,corrected,0,fixed_phase2_geometry,970020,980020,False,max_steps,20000,11693.746482029099,1000.002,500001,0.002,,2.0,False,0.20400000000000015,1000.204,1151.1443720523123,1170.6899155711658,1177.5496757827161,866.8690555310295,1197.7964676388333,,max over joints and time abs(tau_j*omega_j); NOT simultaneous sum peak,entire observed episode including followup when successful,d7aa7b03d58af938d95ecc19a4ff2c4468520ab174d1f5f105ccae919f9d1638,withheld-source-d293d385b3605ab03dc7,withheld-source-9f60f3fad33bb4ca40cb,41447923f1a7ebe57edb655d199d0acdb347e907c3b9ca1b2d8a3fa616f7b78a,H2,H2,False
record-8aacdd64f3c271b6,rgb,corrected,0,fixed_phase2_geometry,970021,980021,False,max_steps,20000,11879.538309699348,1000.002,500001,0.002,,2.0,False,0.20400000000000015,1000.204,734.6121769797436,747.8264095235967,754.9216734715122,1059.6957338918587,1218.804981748438,,max over joints and time abs(tau_j*omega_j); NOT simultaneous sum peak,entire observed episode including followup when successful,5d148da06db54f24c7af5a5d3000296c6ab80e06375111491cde93ae6f0a553b,withheld-source-796b7f65d24a9acc2530,withheld-source-4308cb4cd54bf064aaf1,2412ca9607025074f400d8a3ae205a8b95cdc46aa20e7291d39e97a146535013,H2,H2,False
record-aead4cc40ee18b4e,depth,corrected,0,fixed_phase2_geometry,970021,980021,True,threshold_and_followup,11412,6367.937369446215,570.6,285301,0.002,568.1967943393669,2.0,True,0.20400000000000015,570.802,956.8869005282746,980.941332436723,987.9860236774958,257.3672605931717,347.46825710914766,,max over joints and time abs(tau_j*omega_j); NOT simultaneous sum peak,entire observed episode including followup when successful,d7aa7b03d58af938d95ecc19a4ff2c4468520ab174d1f5f105ccae919f9d1638,withheld-source-50bc0cc7e8733e407e11,withheld-source-e5d5edee8d6531a7d666,d92813b64d01ff491ec1dd6d87ded6d31c963c7d1c7d5065fd64b1b1eec5a8fc,H2,H2,False
record-a195f9901084ece3,rgb,corrected,0,fixed_phase2_geometry,970022,980022,False,max_steps,20000,12128.261651228273,1000.002,500001,0.002,,2.0,False,0.20400000000000015,1000.204,790.1589269525203,798.6394783954288,810.4395257434174,817.7280650145851,956.8659124003372,,max over joints and time abs(tau_j*omega_j); NOT simultaneous sum peak,entire observed episode including followup when successful,5d148da06db54f24c7af5a5d3000296c6ab80e06375111491cde93ae6f0a553b,withheld-source-bc0a0c4301aa82769412,withheld-source-f05cd58997a444ae8bd0,3db49126a731eb7ebd1a729f10c263157f96c1afd5415f0fdb01bb864a35e713,H2,H2,False
record-9630606af07df414,depth,corrected,0,fixed_phase2_geometry,970022,980022,False,max_steps,20000,11882.118294715556,1000.002,500001,0.002,,2.0,False,0.20400000000000015,1000.204,1097.2081664516868,1110.5541481843659,1121.3355016856603,1076.271151951235,1359.028202847705,,max over joints and time abs(tau_j*omega_j); NOT simultaneous sum peak,entire observed episode including followup when successful,d7aa7b03d58af938d95ecc19a4ff2c4468520ab174d1f5f105ccae919f9d1638,withheld-source-3e23d6fc46b6bb928b37,withheld-source-b267f0a09e16c1c0fa66,d40ac98339b519fa4cb8aeb5a88a739c4778af8bbcbf3bd837b147a821a7ac57,H2,H2,False
record-2010eccab6b6d60b,rgb,corrected,0,fixed_phase2_geometry,970023,980023,False,max_steps,20000,11055.26439443607,1000.002,500001,0.002,,2.0,False,0.20400000000000015,1000.204,1138.8625920824852,1162.1816426127464,1168.236736589263,854.6078382853331,1065.0509669686035,,max over joints and time abs(tau_j*omega_j); NOT simultaneous sum peak,entire observed episode including followup when successful,5d148da06db54f24c7af5a5d3000296c6ab80e06375111491cde93ae6f0a553b,withheld-source-cddf22dd91d572f964d9,withheld-source-0c326962ebf1d63b4eb1,fe3969188a8fc91cd59d018c67fcd3f2c09708232d7fae6acbca42c0801a7ce4,H2,H2,False
record-fbc7a6b5e0b7528b,depth,corrected,0,fixed_phase2_geometry,970023,980023,True,threshold_and_followup,3295,1939.6096040090247,164.75,82376,0.002,161.77400040132855,2.0,True,0.20400000000000015,164.952,988.7067974417669,1005.4442831381857,1012.293912446679,218.85437037519503,273.21165754875364,,max over joints and time abs(tau_j*omega_j); NOT simultaneous sum peak,entire observed episode including followup when successful,d7aa7b03d58af938d95ecc19a4ff2c4468520ab174d1f5f105ccae919f9d1638,withheld-source-b03a95df80af6efa4d41,withheld-source-d69fd7906f33776a3c1b,56568fc17c135712651d2dbceb721251adbb70c83cedc3a5ba120126f3cbf045,H2,H2,False
record-c1b8ff535d441ece,rgb,corrected,0,fixed_phase2_geometry,970024,980024,False,max_steps,20000,11528.256784984762,1000.002,500001,0.002,,2.0,False,0.20400000000000015,1000.204,664.9725877209999,677.2081406206602,685.726139620762,641.7290058027479,820.3519239355873,,max over joints and time abs(tau_j*omega_j); NOT simultaneous sum peak,entire observed episode including followup when successful,5d148da06db54f24c7af5a5d3000296c6ab80e06375111491cde93ae6f0a553b,withheld-source-be1b14fc5f0f7564bccd,withheld-source-384f03405baaa0d3828d,2bc9e6069f05761b40df356e529e67823867aee55aa73e5aafbf0126325b48e1,H2,H2,False
record-be1e81f27b114e2f,depth,corrected,0,fixed_phase2_geometry,970024,980024,False,max_steps,20000,11119.639240671582,1000.002,500001,0.002,,2.0,False,0.20400000000000015,1000.204,1151.3798022256774,1178.5868899879356,1185.9703018674393,1133.5241886087028,1364.9137891754067,,max over joints and time abs(tau_j*omega_j); NOT simultaneous sum peak,entire observed episode including followup when successful,d7aa7b03d58af938d95ecc19a4ff2c4468520ab174d1f5f105ccae919f9d1638,withheld-source-3d00b3727e4ee7df2711,withheld-source-e9d1fcf1acfb12a19729,5bc5186923e97fdd58248ddf26fc56facdea8c19f39d67d97d529648a06f7fed,H2,H2,False
record-087b78824187e781,rgb,corrected,0,fixed_phase2_geometry,970025,980025,False,max_steps,20000,11802.822477277874,1000.002,500001,0.002,,2.0,False,0.20400000000000015,1000.204,1004.8865643207749,1029.2721843911795,1040.621680327351,1359.822950722782,1698.792914175506,,max over joints and time abs(tau_j*omega_j); NOT simultaneous sum peak,entire observed episode including followup when successful,5d148da06db54f24c7af5a5d3000296c6ab80e06375111491cde93ae6f0a553b,withheld-source-7e9905689baf3d8c5e20,withheld-source-f5b5a7d45bfbd890298e,33aaf190888bd41a6200bc40aab68e41718ee1532da46782588cc7bdf57111fd,H2,H2,False
record-8b0b35a2211f07ef,depth,corrected,0,fixed_phase2_geometry,970025,980025,False,max_steps,20000,12181.726130776764,1000.002,500001,0.002,,2.0,False,0.20400000000000015,1000.204,1035.2284794698146,1054.8349371340726,1060.3540304612798,1260.4976532540416,1718.2136068858053,,max over joints and time abs(tau_j*omega_j); NOT simultaneous sum peak,entire observed episode including followup when successful,d7aa7b03d58af938d95ecc19a4ff2c4468520ab174d1f5f105ccae919f9d1638,withheld-source-d97d20eb69fdaed3fb70,withheld-source-ed1a79887924a59e7a02,09882a4e3dfb29c4fce1db92cf1bbe0bea2ad8875188776c78483863237d905a,H2,H2,False
record-ad495e5da3d89029,rgb,corrected,0,fixed_phase2_geometry,970026,980026,False,max_steps,20000,11484.870833015404,1000.002,500001,0.002,,2.0,False,0.20400000000000015,1000.204,636.325382322752,645.3086399320246,653.4776265947118,1723.38374154796,2348.5979614513694,,max over joints and time abs(tau_j*omega_j); NOT simultaneous sum peak,entire observed episode including followup when successful,5d148da06db54f24c7af5a5d3000296c6ab80e06375111491cde93ae6f0a553b,withheld-source-2b8f4977ee1211b153e7,withheld-source-e4cb9309292c006e8d34,8248c832636c2d491ea3ad1fb13a5d3cfe31655e1bbf7405ae1f2742c8efccf0,H2,H2,False
record-62c51b54391311e2,depth,corrected,0,fixed_phase2_geometry,970026,980026,True,threshold_and_followup,13700,7745.979301523675,685.0,342501,0.002,682.0491448236951,2.0,True,0.20400000000000015,685.202,916.2409679085729,934.0047039884093,945.4840565897259,828.4453861694685,1011.8695966786074,,max over joints and time abs(tau_j*omega_j); NOT simultaneous sum peak,entire observed episode including followup when successful,d7aa7b03d58af938d95ecc19a4ff2c4468520ab174d1f5f105ccae919f9d1638,withheld-source-f073026d21ba6549dad0,withheld-source-27785a6ce72e1da5f01c,80c4623adef20b26c7d9dd3cd3e20ff0bfb5007f8663a3fbc9db6c728a400e45,H2,H2,False
record-87e119ef111a451c,rgb,corrected,0,fixed_phase2_geometry,970027,980027,False,max_steps,20000,11815.965065147513,1000.002,500001,0.002,,2.0,False,0.20400000000000015,1000.204,926.4610318829407,947.8803876064658,961.0183430347488,632.5377114162094,842.7723582820803,,max over joints and time abs(tau_j*omega_j); NOT simultaneous sum peak,entire observed episode including followup when successful,5d148da06db54f24c7af5a5d3000296c6ab80e06375111491cde93ae6f0a553b,withheld-source-b8ddb0aaa032d37fc5e6,withheld-source-04c5f6bac79d252c1499,175372d6616e3c99c81e7d834aa2ca3fa1d680541265a31409768c27b4c9c579,H2,H2,False
record-8ba0b8da05a9b179,depth,corrected,0,fixed_phase2_geometry,970027,980027,False,max_steps,20000,11636.161456363461,1000.002,500001,0.002,,2.0,False,0.20400000000000015,1000.204,850.8591357545196,859.4807540016961,866.5203715240051,1259.8184509003015,1540.579395894938,,max over joints and time abs(tau_j*omega_j); NOT simultaneous sum peak,entire observed episode including followup when successful,d7aa7b03d58af938d95ecc19a4ff2c4468520ab174d1f5f105ccae919f9d1638,withheld-source-b5cc93987f8bdece40f2,withheld-source-ff4b23801cca814c483b,5a273565a5aaf75f34f5c603324556c056282b4d817a45aa3b6a81037ca12c66,H2,H2,False
record-e9563b408d2c1cce,rgb,corrected,0,fixed_phase2_geometry,970028,980028,False,max_steps,20000,11611.080786486957,1000.002,500001,0.002,,2.0,False,0.20400000000000015,1000.204,909.4844436694083,919.5221627860946,927.183336973545,1405.5768744508953,1860.6302384594624,,max over joints and time abs(tau_j*omega_j); NOT simultaneous sum peak,entire observed episode including followup when successful,5d148da06db54f24c7af5a5d3000296c6ab80e06375111491cde93ae6f0a553b,withheld-source-0e44606d2ab5645670bf,withheld-source-39eab6ca5660c09f7bf3,a3b5c33d01a1efe7fa701e6a66b58fae9f994490ea48623c518f38fe3692a3a6,H2,H2,False
record-ad28b5ff13dc1676,depth,corrected,0,fixed_phase2_geometry,970028,980028,True,threshold_and_followup,11458,6764.254213475433,572.9,286451,0.002,570.7941530614127,2.0,True,0.20400000000000015,573.102,783.3619153065297,799.2965179888288,808.8603620301949,620.138620710213,764.1866591843805,,max over joints and time abs(tau_j*omega_j); NOT simultaneous sum peak,entire observed episode including followup when successful,d7aa7b03d58af938d95ecc19a4ff2c4468520ab174d1f5f105ccae919f9d1638,withheld-source-59f6574cb6fc8cb47c23,withheld-source-37b99303de396e77b815,135bc1e6645b94df4cc570fd2fea2c02870530b7cdc28de70fcf5daacfae1dbc,H2,H2,False
record-289b76b2d8a93080,rgb,corrected,0,fixed_phase2_geometry,970029,980029,False,max_steps,20000,11893.709677189223,1000.002,500001,0.002,,2.0,False,0.20400000000000015,1000.204,1038.0646825702702,1048.9571690186444,1055.3152059858983,1417.0284868623348,1818.481605413934,,max over joints and time abs(tau_j*omega_j); NOT simultaneous sum peak,entire observed episode including followup when successful,5d148da06db54f24c7af5a5d3000296c6ab80e06375111491cde93ae6f0a553b,withheld-source-ea5c895fbffb8585e9d7,withheld-source-6492b31eed3983c91b77,56eaad14d070c477abff3f38db2bf973bff28a8b1bf4efc1a97b2c439ff9cb7f,H2,H2,False
record-6a2c29a80a4b6dea,depth,corrected,0,fixed_phase2_geometry,970029,980029,False,max_steps,20000,11822.932667794863,1000.002,500001,0.002,,2.0,False,0.20400000000000015,1000.204,981.7724733908397,999.631616145029,1005.0142675917496,1050.5624784539443,1332.9474625134644,,max over joints and time abs(tau_j*omega_j); NOT simultaneous sum peak,entire observed episode including followup when successful,d7aa7b03d58af938d95ecc19a4ff2c4468520ab174d1f5f105ccae919f9d1638,withheld-source-cbbb1f6ffccbdc7a6cfc,withheld-source-41248061679a3256d171,639faa6678a19118d608c3ba902d778488db4503b097ad232b5bdc70a4f6e242,H2,H2,False
