tag,group,kind,success,joint_index,joint_name,per_joint_signed_work_j,per_joint_positive_work_j,per_joint_absolute_work_j,per_joint_peak_absolute_power_w,per_joint_peak_absolute_torque_nm,per_joint_peak_absolute_velocity_rad_s,per_joint_min_limit_margin_rad
record-f975db94c7cd5bd5,corrected,depth,True,0,waist,220.4776229210337,221.97381212206653,223.47000132309924,11.992237070873179,69.17163127284579,0.1882973566367567,21.988798303806597
record-f975db94c7cd5bd5,corrected,depth,True,1,shoulder,68.85938521354093,69.76568456691113,70.67198392028112,26.892718543979324,144.67203404536758,0.21747956533581192,0.6318180792060311
record-f975db94c7cd5bd5,corrected,depth,True,2,elbow,234.6809728455806,237.06054960296595,239.44012636035134,157.01800124314747,457.40589331757474,0.40259876414455353,0.7098001525360687
record-f975db94c7cd5bd5,corrected,depth,True,3,forearm_roll,-0.011408282029525164,0.026842988328362696,0.06509425868624925,0.05973390810085396,5.020708671262117,0.014268048325670014,3.1304887752765946
record-f975db94c7cd5bd5,corrected,depth,True,4,wrist_angle,71.91940935773268,73.04063104671742,74.16185273570225,24.081969066326113,55.83919455947853,0.46624962335796083,0.15128184337931483
record-c07e475e1e481814,corrected,depth,False,0,waist,639.4112349703357,646.3706559348112,653.3300768992847,11.239272937324401,68.83303458362752,0.17873638046581483,-0.0006011701579637929
record-c07e475e1e481814,corrected,depth,False,1,shoulder,86.08415875777604,88.24330403803853,90.40244931830084,53.23151389146387,260.03241188049105,0.2753522927898679,0.32763906921681196
record-c07e475e1e481814,corrected,depth,False,2,elbow,313.397554381074,316.48464262499414,319.57173086891413,380.26515428868555,788.2284169401646,0.6597192908236995,0.30709575821604695
record-c07e475e1e481814,corrected,depth,False,3,forearm_roll,0.057113052732330416,0.2476502016443547,0.4381873505563773,0.4306455505113034,8.641193840942492,0.058607640063581545,3.084414245135113
record-c07e475e1e481814,corrected,depth,False,4,wrist_angle,66.68656524758674,68.31338842216513,69.94021159674446,26.689283713660227,56.06786570921861,0.5043685543207428,0.0356328780337658
record-cdd3acfefa828212,corrected,depth,True,0,waist,346.03028842196784,350.26251019746013,354.4947319729554,12.123114624388428,69.74820265325451,0.18674235927818106,15.634007139076372
record-cdd3acfefa828212,corrected,depth,True,1,shoulder,121.63547961186157,125.88884390501072,130.1422081981591,197.01058559294248,521.4497607781595,0.4974703149970704,0.42888194716181316
record-cdd3acfefa828212,corrected,depth,True,2,elbow,613.8953978096671,620.9990841324658,628.1027704552644,1184.3943864676141,1369.0113283609498,1.1957608880934656,0.19089787722630547
record-cdd3acfefa828212,corrected,depth,True,3,forearm_roll,0.12543297866661085,0.2523585699377717,0.3792841612089391,0.25711828713795487,9.942314686808402,0.028594845338157145,3.031602031087184
record-cdd3acfefa828212,corrected,depth,True,4,wrist_angle,61.48745282212471,64.01086248113309,66.53427214014165,23.913064493789125,55.716829807277236,0.6181332376555543,-0.0018212143122324775
record-be94ee836f30aea2,corrected,depth,False,0,waist,590.1446727553281,597.342372057796,604.5400713602636,11.97049355725607,70.08463027900078,0.18402997768452245,2.8803341106012113
record-be94ee836f30aea2,corrected,depth,False,1,shoulder,127.67453960277219,130.6715831713156,133.66862673985742,114.16270946514291,404.1907362527418,0.3699098188930189,0.33064182162365885
record-be94ee836f30aea2,corrected,depth,False,2,elbow,560.0377686573897,567.2640516081972,574.4903345590047,657.8575981486022,1022.6841812903804,0.8898440023645668,0.12240238793606095
record-be94ee836f30aea2,corrected,depth,False,3,forearm_roll,0.037936660651556854,0.23866059639985435,0.4393845321481651,0.12877879099746162,8.39229749010616,0.02089802685166785,3.0529811052635334
record-be94ee836f30aea2,corrected,depth,False,4,wrist_angle,65.18956832261686,67.60200261488518,70.0144369071531,24.017603448000248,56.454223360201695,0.45975614671216763,0.0035990818294338034
record-9393f168830c9e65,corrected,depth,False,0,waist,642.520795359829,648.9364517428169,655.3521081258068,10.898375262600156,66.23210456995713,0.17700806144764059,-0.0003850877631066396
record-9393f168830c9e65,corrected,depth,False,1,shoulder,105.54580626106907,108.8446444114091,112.14348256174921,105.0128486171572,367.99842640523,0.39446412833248945,0.35681190625764625
record-9393f168830c9e65,corrected,depth,False,2,elbow,456.0364981979411,463.085907442125,470.1353166863096,801.1844260686814,1035.5355050327707,0.9639496763882534,0.3076032085942868
record-9393f168830c9e65,corrected,depth,False,3,forearm_roll,0.020426486939357943,0.20580377516292375,0.3911810633864965,0.16771747446478963,7.5601096739672045,0.033278301041085596,3.071840953771216
record-9393f168830c9e65,corrected,depth,False,4,wrist_angle,69.19741840360818,71.05567674956305,72.91393509551642,23.847077434808085,55.56083249444532,0.5279681076985354,0.02544632019305393
record-0c89dbb461741078,corrected,depth,True,0,waist,219.89950241934469,221.4857507634536,223.07199910756236,11.631752510643361,69.32623520658734,0.183910539730758,21.953893330794145
record-0c89dbb461741078,corrected,depth,True,1,shoulder,79.0972123726886,80.8463891023362,82.59556583198345,22.267371989269826,143.73528110487314,0.17382209208060462,0.6234651416206755
record-0c89dbb461741078,corrected,depth,True,2,elbow,290.1325101979148,292.94030144063305,295.74809268335,120.06418559291123,452.16100520170403,0.35045641764450336,0.6426081288322472
record-0c89dbb461741078,corrected,depth,True,3,forearm_roll,0.007919907383534923,0.058981912628125806,0.11004391787271747,0.07922372142573153,6.116370238971584,0.016450909895936304,3.114982137953319
record-0c89dbb461741078,corrected,depth,True,4,wrist_angle,76.28061389918915,77.42080506904894,78.56099623890871,24.070230290551038,55.654843936243424,0.46353978992326594,0.14375044503758705
record-ffef6e48f9135baa,corrected,depth,True,0,waist,227.7978169239599,229.3572544630685,230.91669200217657,12.55936655786958,69.88712184773021,0.1918744620845826,21.96901296506359
record-ffef6e48f9135baa,corrected,depth,True,1,shoulder,72.70472400704033,75.28817995073047,77.87163589442065,19.765030328476705,148.19868859140752,0.15603842258358358,0.5826972480485157
record-ffef6e48f9135baa,corrected,depth,True,2,elbow,277.72191186870833,281.9121270511245,286.1023422335419,130.62391698152464,419.36762768702465,0.36609325131044107,0.6495630283165961
record-ffef6e48f9135baa,corrected,depth,True,3,forearm_roll,0.0071006095941732825,0.05357182806415402,0.10004304653413552,0.06067503153870859,4.682629302096927,0.014733343373011737,3.116963080238933
record-ffef6e48f9135baa,corrected,depth,True,4,wrist_angle,60.41001285899614,61.671205769273406,62.93239867955067,23.52822122164558,56.44724693586943,0.4625647394917099,0.16425201721799132
record-307343989ddde898,corrected,depth,True,0,waist,98.82483272851181,99.14019802108275,99.4555633136537,11.676180280347205,67.82097580671194,0.1852365436519092,28.260280324325205
record-307343989ddde898,corrected,depth,True,1,shoulder,49.460294076542326,50.192810528001615,50.925326979460934,16.192510445896424,120.42865662592658,0.14328765259514084,0.9570888384631691
record-307343989ddde898,corrected,depth,True,2,elbow,116.18668792762793,117.30475541673373,118.42282290583952,54.329893405078174,279.1548066153582,0.22558690541650486,1.1856125136322713
record-307343989ddde898,corrected,depth,True,3,forearm_roll,0.0016444472598425607,0.0019138786899743202,0.002183310120106072,0.0009948209532563178,0.7449262375641901,0.001850844175265671,3.136217845709029
record-307343989ddde898,corrected,depth,True,4,wrist_angle,63.86692691719218,64.79932523341269,65.73172354963361,26.539353297104363,55.27306431886291,0.5084771309566235,0.46974769511470993
record-e477aa395bfac7a9,corrected,depth,True,0,waist,220.35116153651305,221.8619220518358,223.37268256715822,12.781885643516905,69.79454243241338,0.19354443722479275,21.999076133671675
record-e477aa395bfac7a9,corrected,depth,True,1,shoulder,143.82872116373278,147.87551747456328,151.92231378539384,118.14108036478024,377.2986576669264,0.4245460388804429,0.39761397771228757
record-e477aa395bfac7a9,corrected,depth,True,2,elbow,664.8033722194673,675.1156361874639,685.4279001554614,957.9987390187677,1243.947074301661,1.0558442338848455,0.3017248242207995
record-e477aa395bfac7a9,corrected,depth,True,3,forearm_roll,0.178712879973356,0.2200062082815609,0.2612995365897668,0.14243943414508495,7.076226461360818,0.021558196751385515,3.099290776612243
record-e477aa395bfac7a9,corrected,depth,True,4,wrist_angle,64.83906656100602,67.0282456693014,69.21742477759662,26.105242947171433,55.902134371980935,0.5775916510382558,-0.001776011497968799
record-95d861be5b8be43f,corrected,depth,False,0,waist,344.02719009792395,348.0368251679725,352.0464602380216,11.175097450866808,70.43395028658779,0.1812015270802182,15.52016610081266
record-95d861be5b8be43f,corrected,depth,False,1,shoulder,134.00643233292018,138.432042030999,142.85765172907566,75.49640479877924,257.3293281700362,0.3554297572310695,0.4093117694993148
record-95d861be5b8be43f,corrected,depth,False,2,elbow,653.7840988747081,661.3969904168574,669.0098819590052,621.215406142284,889.8318159555747,0.8405581931929252,0.2937797606670711
record-95d861be5b8be43f,corrected,depth,False,3,forearm_roll,0.35048984177878467,0.4763607709429832,0.6022317001071976,0.17695303181952202,8.102001500970466,0.024038555142066403,3.0785280775256965
record-95d861be5b8be43f,corrected,depth,False,4,wrist_angle,81.86551624668301,83.8011723009057,85.73682835512841,25.993195033078724,56.6610211943414,0.49148444083850984,-0.0008776334640354655
record-781daaceb8d2d107,corrected,rgb,False,0,waist,132.82144534817257,142.36167009280877,151.90189483743458,12.316350333343129,69.63344629063312,0.19107919909291593,27.875845081202517
record-781daaceb8d2d107,corrected,rgb,False,1,shoulder,82.35682369605229,84.43701632293238,86.51720894981193,83.87600463610612,316.01577808335696,0.36094868098605587,0.5272998283646186
record-781daaceb8d2d107,corrected,rgb,False,2,elbow,364.9362833502502,371.4603478730161,377.9844123957818,666.4318340660075,1036.9194605253615,0.8797245465147063,0.3366865197511113
record-781daaceb8d2d107,corrected,rgb,False,3,forearm_roll,-0.34478127530640157,0.1351099009260617,0.6150010771585206,0.061410455576593685,5.921019814871215,0.017860197242764317,2.688247417488446
record-781daaceb8d2d107,corrected,rgb,False,4,wrist_angle,80.27660305572851,82.1550917498778,84.03358044402705,39.6356771879325,78.7490558695772,0.6402340179672327,0.16917189864373938
record-e45d079c76b82f78,corrected,rgb,False,0,waist,118.48098894148538,124.43051198032497,130.38003501916563,11.671395688720906,67.87266585827251,0.18367140765245726,27.821635749779354
record-e45d079c76b82f78,corrected,rgb,False,1,shoulder,100.65722550323865,103.61878301780251,106.58034053236855,19.400831400614532,132.06509079986245,0.1854096627998316,0.5353723977404345
record-e45d079c76b82f78,corrected,rgb,False,2,elbow,478.06351733873413,484.6888269021785,491.31413646562265,199.01810748779405,505.7112594081191,0.46331452719830485,0.33537866151445117
record-e45d079c76b82f78,corrected,rgb,False,3,forearm_roll,-0.10953515295479949,0.17603496901010118,0.46160509097498076,0.07273116084852213,6.049569652562695,0.014798487234232884,2.70744494181159
record-e45d079c76b82f78,corrected,rgb,False,4,wrist_angle,78.60876066239099,79.89151047012689,81.1742602778626,26.164208105734694,56.40993031089101,0.5066880670348619,0.28628308143132153
record-432695a066994534,corrected,rgb,False,0,waist,121.39503110458008,127.74445344360059,134.09387578262837,12.310474031680652,69.7107272069673,0.18796472522852906,27.732404646107515
record-432695a066994534,corrected,rgb,False,1,shoulder,110.03348075660789,113.5349923576969,117.03650395878496,23.893239693977275,149.7067583442058,0.17777842769287064,0.700670197617553
record-432695a066994534,corrected,rgb,False,2,elbow,509.37838841502935,516.2646837154088,523.1509790157884,151.7246398526488,437.4010591861934,0.4004870363813352,0.619443559519866
record-432695a066994534,corrected,rgb,False,3,forearm_roll,-0.12735021488478704,0.17542229010199942,0.47819479508877877,0.055925087009084225,4.849824152449401,0.013433770812123496,2.6672895287709313
record-432695a066994534,corrected,rgb,False,4,wrist_angle,76.34523263711274,77.8961259462948,79.44701925547676,26.22362197390628,55.978149764891214,0.5003180106087645,0.30136527836142735
record-2369620f3ccc9b41,corrected,rgb,False,0,waist,130.15318928742295,140.13797345367644,150.12275761992544,12.11462213614618,70.33424963698963,0.18631317435964528,27.744349090370285
record-2369620f3ccc9b41,corrected,rgb,False,1,shoulder,95.19760499205093,97.95381012780584,100.71001526356089,59.25496691849658,236.4556131919344,0.3089816887485521,0.4687543747948537
record-2369620f3ccc9b41,corrected,rgb,False,2,elbow,309.6823369709342,313.4664213621198,317.2505057533036,522.2818089677351,833.3946536475851,0.7709724648288495,0.30268272721218925
record-2369620f3ccc9b41,corrected,rgb,False,3,forearm_roll,-0.06707116200584892,0.42546691290478555,0.9180049878154248,0.14956071850550193,7.953507182056455,0.02300327179543644,2.6949821145570327
record-2369620f3ccc9b41,corrected,rgb,False,4,wrist_angle,67.6166571474038,69.88431737380792,72.15197760021562,24.525150505568718,56.52577249940691,0.4688979326827336,0.12475232303731643
record-1de1847a13a5d0d4,corrected,rgb,False,0,waist,257.94556315452115,263.22659904465974,268.507634934799,10.772038730919776,66.72532943090118,0.17475830211317556,21.552185576235424
record-1de1847a13a5d0d4,corrected,rgb,False,1,shoulder,107.76771358924603,111.67220319349809,115.57669279774998,23.608782032632732,142.01884192551006,0.19958704417838768,0.49940548303935806
record-1de1847a13a5d0d4,corrected,rgb,False,2,elbow,422.1007843722132,427.60052983858156,433.10027530495006,232.00923389097275,534.7818072081318,0.5028449563920919,0.327673121664793
record-1de1847a13a5d0d4,corrected,rgb,False,3,forearm_roll,0.05489687849770807,0.28701649159008813,0.5191361046824785,0.3270308037079993,10.626990410892176,0.03302796143681603,2.7738775116610714
record-1de1847a13a5d0d4,corrected,rgb,False,4,wrist_angle,64.41189631385753,66.81123634800588,69.21057638215336,23.641552919764347,56.7937785277677,0.4545938821224151,0.14050248037904423
record-3ba4cb42eb2bdfdb,corrected,rgb,False,0,waist,374.59287176202156,378.49707928079806,382.40128679957536,11.86537966914002,68.21331624154885,0.18542383006996674,15.290341083963646
record-3ba4cb42eb2bdfdb,corrected,rgb,False,1,shoulder,182.78539856935927,187.56283510924285,192.34027164912237,80.10329861449848,310.93266447504993,0.3500342903418509,0.4968398409050947
record-3ba4cb42eb2bdfdb,corrected,rgb,False,2,elbow,1036.6584304098071,1052.0812949934552,1067.5041595771006,654.2183964762423,1033.8553641459366,0.8664110058396504,0.33399806690741496
record-3ba4cb42eb2bdfdb,corrected,rgb,False,3,forearm_roll,0.7168257329722825,0.9005141104691693,1.084202487966053,0.2876766551645549,10.124356589117497,0.0318800806036588,2.8406618061267452
record-3ba4cb42eb2bdfdb,corrected,rgb,False,4,wrist_angle,89.84828342482102,91.90578636842571,93.96328931203037,27.22320822627937,56.3548064419457,0.5177091218649265,0.012075734071538946
record-762cb3a7bbdf8612,corrected,rgb,False,0,waist,117.09715561405682,122.67496931705311,128.25278302004955,12.4896240788331,69.40054335443796,0.19202507011045652,27.84646381760209
record-762cb3a7bbdf8612,corrected,rgb,False,1,shoulder,92.24038144941261,95.98228480864363,99.72418816787535,42.7495807205637,210.99574900444532,0.27036583297203354,0.5157813469940348
record-762cb3a7bbdf8612,corrected,rgb,False,2,elbow,475.81803952038115,482.80715974653685,489.7962799726922,399.36095361452703,759.828868343091,0.6715475599827674,0.31466287813462324
record-762cb3a7bbdf8612,corrected,rgb,False,3,forearm_roll,0.03973231608546456,0.30492177550455535,0.5701112349236199,0.0790207704800395,5.85224187095173,0.015338930354974727,2.6992520718037762
record-762cb3a7bbdf8612,corrected,rgb,False,4,wrist_angle,70.63714059123463,72.45346189760018,74.26978320396968,24.891150813015585,56.06493660900264,0.47675213681148504,0.2276772465474055
record-ea7d994da44cebd1,corrected,rgb,False,0,waist,238.84905958305347,241.70253789520302,244.55601620735234,12.010393278007088,69.03619219418687,0.18907326005678424,22.092558991492503
record-ea7d994da44cebd1,corrected,rgb,False,1,shoulder,85.8613576513403,88.5127723381388,91.16418702493726,57.26197079872263,217.74009957426279,0.3042922474978127,0.5550284150662899
record-ea7d994da44cebd1,corrected,rgb,False,2,elbow,402.1007285629176,409.0666782219517,416.0326278809873,504.7568810198534,770.5775473780232,0.7571896718367771,0.3209942951745943
record-ea7d994da44cebd1,corrected,rgb,False,3,forearm_roll,0.5968576426644652,0.7563410562124733,0.9158244697604858,0.29146007166836874,10.287598933983645,0.03124604274273081,2.762237557638116
record-ea7d994da44cebd1,corrected,rgb,False,4,wrist_angle,75.68868062188712,77.06217338837243,78.43566615485788,25.356209097108394,54.97706114901143,0.48996326566743703,0.0014606798523897346
record-86d667355fbc8ddf,corrected,rgb,False,0,waist,364.7549480152005,369.95186495439543,375.1487818935887,12.566980374622643,70.01620883870768,0.193387105021004,16.296345889937555
record-86d667355fbc8ddf,corrected,rgb,False,1,shoulder,178.6683630269177,183.32821006507166,187.9880571032256,358.3684269233493,695.2191122395325,0.6794053751713509,0.36740795916529656
record-86d667355fbc8ddf,corrected,rgb,False,2,elbow,770.825506341725,779.7122350613727,788.5989637810195,2223.423859099295,1873.308164936534,1.6400718650633213,0.05462131084007393
record-86d667355fbc8ddf,corrected,rgb,False,3,forearm_roll,1.237917079425591,1.4963281847544279,1.7547392900832788,0.44514635614052656,13.13632279271178,0.038490920437420924,2.7569748092872417
record-86d667355fbc8ddf,corrected,rgb,False,4,wrist_angle,70.84746994330486,73.46414890474998,76.08082786619796,42.557437960833994,68.64970080483454,0.8471662881039362,0.0018545676737571348
record-d4203a7413cfb6e5,corrected,rgb,False,0,waist,111.77439197487206,116.18072535671843,120.58705873856479,11.047237305221003,69.20669223953468,0.18183125948566137,27.836193253387616
record-d4203a7413cfb6e5,corrected,rgb,False,1,shoulder,122.04491026169133,126.59313041948279,131.1413505772734,272.240418479487,608.8961627597091,0.5876597424559772,0.42505373581054473
record-d4203a7413cfb6e5,corrected,rgb,False,2,elbow,616.5084122843037,630.7803411898799,645.0522700954618,1667.247818162076,1623.2698851226924,1.4182878399306467,0.1770349986920492
record-d4203a7413cfb6e5,corrected,rgb,False,3,forearm_roll,0.2208025371379967,0.44372752884004707,0.6666525205420981,0.12597136130758813,7.38057493375004,0.019492082846777694,2.7467917269607884
record-d4203a7413cfb6e5,corrected,rgb,False,4,wrist_angle,85.14913484371097,86.89110150505249,88.63306816639401,31.993175647525888,59.346007149869365,0.7386471684759898,0.06288149924700326
record-146c5571357dca3e,legacy,depth,True,0,waist,100.1965546830299,100.83663885237887,101.47672302172784,12.130412560294179,69.75586928120589,0.1895921293753861,28.20092789243749
record-146c5571357dca3e,legacy,depth,True,1,shoulder,49.973484950582794,51.1141529013505,52.2548208521182,21.15479768752427,156.80041638201055,0.17297531176108694,0.9180713194857795
record-146c5571357dca3e,legacy,depth,True,2,elbow,204.48348905594557,206.80976221011528,209.1360353642851,89.25874519656288,357.7252199329978,0.29575524540406883,1.0008377813979368
record-146c5571357dca3e,legacy,depth,True,3,forearm_roll,0.005220171258096734,0.006474282992555339,0.007728394727013942,0.00492826071278344,1.9157521376913174,0.004209520797572428,3.1293394277497337
record-146c5571357dca3e,legacy,depth,True,4,wrist_angle,70.44140285575871,71.05643267887949,71.67146250200027,25.222503232486908,56.32036380307375,0.47762299209142145,0.3513864508345963
record-f46b0c31bf385fbd,legacy,depth,True,0,waist,101.51703872657431,102.02879970477585,102.54056068297739,11.929531261682547,69.16794227370644,0.18490041659288287,28.196288266571116
record-f46b0c31bf385fbd,legacy,depth,True,1,shoulder,53.41960342217208,54.52788938091044,55.63617533964882,14.402705295745742,115.75348931055726,0.14287084923122398,0.8901166800928364
record-f46b0c31bf385fbd,legacy,depth,True,2,elbow,154.97410388802834,155.82934063202313,156.68457737601798,71.02093267073545,317.42948363184223,0.2604906611717854,1.0524833325488698
record-f46b0c31bf385fbd,legacy,depth,True,3,forearm_roll,0.0021087189926781063,0.00525170575672635,0.008394692520774592,0.024203768698753625,2.449866323063091,0.010538298556733553,3.128456454127364
record-f46b0c31bf385fbd,legacy,depth,True,4,wrist_angle,65.5487152049593,66.6711428542555,67.79357050355192,26.49020946369897,55.777273966291546,0.5053687304807605,0.38382799255574174
record-d3b287102f9c7846,legacy,rgb,True,0,waist,100.85833282561777,101.36473081542944,101.87112880524111,12.817843239185905,69.78914297213177,0.194692713229242,28.240412319425783
record-d3b287102f9c7846,legacy,rgb,True,1,shoulder,52.052935435850635,53.26932144971001,54.485707463569405,22.411108029013988,139.5091517537104,0.1807744348616201,0.878957546865653
record-d3b287102f9c7846,legacy,rgb,True,2,elbow,242.7472463556525,244.82916634543187,246.91108633521122,139.864840208394,417.4705875603677,0.3822726418270258,0.9555818514316833
record-d3b287102f9c7846,legacy,rgb,True,3,forearm_roll,0.0009369950453118061,0.0013894298246222533,0.0018418646039327024,0.0020670731061293015,0.824319660370441,0.0028482150167869593,3.140247945437046
record-d3b287102f9c7846,legacy,rgb,True,4,wrist_angle,77.58524149088286,78.04735315575269,78.50946482062251,24.618536312355467,56.286570633583096,0.4704972912489555,0.3165193506829582
record-5114079c3c87caf3,legacy,rgb,True,0,waist,101.46671588932685,101.90903680317157,102.3513577170163,12.826276440826616,69.9928453128378,0.1932562477068395,28.236826926682443
record-5114079c3c87caf3,legacy,rgb,True,1,shoulder,34.59537814531729,35.525010937274224,36.45464372923128,22.811571400261666,144.08783270566732,0.17606871904998714,0.8644935759875456
record-5114079c3c87caf3,legacy,rgb,True,2,elbow,246.42750540661206,248.22880922259995,250.03011303858813,102.72116662082672,377.47742935556016,0.320012048586299,0.9292667910697089
record-5114079c3c87caf3,legacy,rgb,True,3,forearm_roll,-0.00021345084302577553,0.0013088605289545304,0.0028311719009348453,0.010273922051299494,1.586304968074204,0.0067378194179680065,3.1393978862407845
record-5114079c3c87caf3,legacy,rgb,True,4,wrist_angle,86.973400289475,87.24296300586101,87.51252572224703,25.341250083066836,56.27242364673248,0.4812924451304473,0.31804178726896404
record-d936dff3f2b4feea,corrected,rgb,False,0,waist,243.31689578627,244.59726858590608,247.955347703092,12.654878931123449,14.825541752456989,0.5055204325274765,0.15264089051573967
record-d936dff3f2b4feea,corrected,rgb,False,1,shoulder,91.19046574391952,91.23396110565062,92.26541887186904,196.79642978754677,281.9673617860211,0.2313707438219733,0.058727504409339014
record-d936dff3f2b4feea,corrected,rgb,False,2,elbow,362.17511277379253,366.4270214970116,369.7478778545812,697.4919384599439,668.4681547929364,0.624112984816321,0.17484874880477566
record-d936dff3f2b4feea,corrected,rgb,False,3,forearm_roll,0.19113996513222614,0.1919832611059111,0.19396270428953077,2.521560133378059,7.391822991166294,0.46541701214319386,15.441314107248731
record-d936dff3f2b4feea,corrected,rgb,False,4,wrist_angle,70.23219891810105,71.06357580023861,71.71371567237816,43.45859705049028,94.06921962314772,0.3233200080268585,12.373259570244459
record-1b849deb042ce5ee,corrected,depth,True,0,waist,220.73497182051383,223.06746484313246,224.31923068811636,11.779506211085069,35.69166611781561,0.6569185471096844,0.4473465580886415
record-1b849deb042ce5ee,corrected,depth,True,1,shoulder,90.53276613016644,91.7530205529815,92.69671762740494,92.26986223995763,232.15853487979294,0.6641258050506237,0.48844136356448525
record-1b849deb042ce5ee,corrected,depth,True,2,elbow,374.8004188934955,376.98713715936134,379.1170131412424,747.0080791123937,1581.4143829134491,0.441039991588804,0.14519927015963144
record-1b849deb042ce5ee,corrected,depth,True,3,forearm_roll,0.2062773985428497,0.20700065135846749,0.20853390055825277,3.690133549198263,9.52117264657013,0.3491029647917085,18.666499182931734
record-1b849deb042ce5ee,corrected,depth,True,4,wrist_angle,63.58960056246502,63.991778642861675,64.33789906576723,40.16562600484309,56.29798901626088,0.12904669035065347,20.084332371454572
record-00d172d2d7be6422,corrected,rgb,False,0,waist,228.72294353542284,229.91195454384484,233.25608140639105,11.664666763450684,16.162390593956527,0.08033669121452364,0.33040778963745077
record-00d172d2d7be6422,corrected,rgb,False,1,shoulder,106.44258594336284,107.97709337529177,108.88236301609133,348.21236103293086,526.990732543814,0.21072688923338817,0.29850455186393854
record-00d172d2d7be6422,corrected,rgb,False,2,elbow,400.8132056818229,401.5153642290303,406.88649142683914,2210.4924030387765,5816.358516522343,0.15985835460836362,0.0788618781876215
record-00d172d2d7be6422,corrected,rgb,False,3,forearm_roll,0.2000962140237452,0.1995496766433164,0.2024066415551565,33.91749138830924,68.79372541862948,0.6496143369046888,21.247798491030885
record-00d172d2d7be6422,corrected,rgb,False,4,wrist_angle,82.32475265104776,83.44015933815137,84.06703292091765,135.96533903499272,124.25816498840874,0.519136630916977,2.0881564817786713
record-ef4ee316180b125a,corrected,depth,True,0,waist,257.68562193964476,261.5627591132785,263.92168226246594,12.294436127598466,38.043803367215,0.227641309849674,0.04457684186539044
record-ef4ee316180b125a,corrected,depth,True,1,shoulder,98.62914550230448,98.1976887199245,99.66307432636845,19.232236521643994,60.439877725121384,0.5996798355580506,0.3431152123260533
record-ef4ee316180b125a,corrected,depth,True,2,elbow,398.90060960920727,399.3628694019879,404.7548453704249,137.72928799595067,268.69646508853936,0.20374305572642143,0.34685528672305804
record-ef4ee316180b125a,corrected,depth,True,3,forearm_roll,0.23005182773572866,0.2308460162776907,0.232534403918751,0.8387180036782329,1.4774114116605574,0.5428259457610883,18.53173831871933
record-ef4ee316180b125a,corrected,depth,True,4,wrist_angle,72.2427305037043,72.8574800290965,73.3421747705382,10.141904578037016,31.224167863557977,0.3404460378407288,4.5376344610367445
record-5270b0f60f13a98f,corrected,rgb,False,0,waist,181.83070319999936,181.62448628465333,183.79162935228038,12.0452483368213,18.64061135729631,0.5737082348769866,0.34173321360406994
record-5270b0f60f13a98f,corrected,rgb,False,1,shoulder,70.73057566525657,71.71720906976553,72.26580985482794,316.02880262944893,687.7463482119399,0.3621073114468029,0.05101396030504137
record-5270b0f60f13a98f,corrected,rgb,False,2,elbow,315.8822982532741,318.25498296994635,321.93216055417366,1079.020751327299,1230.0132073657455,0.5219301003750662,0.2573915935668104
record-5270b0f60f13a98f,corrected,rgb,False,3,forearm_roll,0.15718008915370665,0.15778401607241951,0.1597121249752172,4.884650059512687,4.0987476692830365,0.1495492881840851,18.79519704665879
record-5270b0f60f13a98f,corrected,rgb,False,4,wrist_angle,57.74053908978583,58.31350637081158,59.092523999785556,96.35060146337125,293.75767195103685,0.4493497712631133,17.693221124674167
record-19ed4caa5e02f664,corrected,depth,False,0,waist,342.3663285087948,341.8176310509951,346.2292948860182,12.051773423150026,25.404970952611723,0.256953162511318,0.2244825969630902
record-19ed4caa5e02f664,corrected,depth,False,1,shoulder,165.4357067529316,164.92516491792796,167.35122129842955,199.4603671314361,637.332424276972,0.10697316609100876,0.09785451016906645
record-19ed4caa5e02f664,corrected,depth,False,2,elbow,575.2494762518717,579.1953463392376,584.6342037509347,1376.7163389704363,2421.099135831637,0.4285440251797967,0.1618347688346911
record-19ed4caa5e02f664,corrected,depth,False,3,forearm_roll,0.31885687969851945,0.322810547335474,0.32553809811044376,3.244325999954743,6.000232335159839,0.5397882002676355,10.966438844598484
record-19ed4caa5e02f664,corrected,depth,False,4,wrist_angle,118.66347084501086,119.18465356059268,120.66074381474067,113.54147964562601,208.02526653590425,0.1649613216601198,17.939611661295693
record-67a918241ddc05c5,corrected,rgb,False,0,waist,116.09395329492877,117.51648061705937,119.05203225291787,12.431153967930536,38.813939333507655,0.23255917909202117,0.276558289112754
record-67a918241ddc05c5,corrected,rgb,False,1,shoulder,55.528059395871026,55.68751326005172,56.30786213476994,422.94660700856326,818.5027833851389,0.6123544333550385,0.0687804137291266
record-67a918241ddc05c5,corrected,rgb,False,2,elbow,220.6067737095612,223.10674657514664,225.33286328682507,2089.583993205616,6078.945749643017,0.28551117494498,0.07485721766849047
record-67a918241ddc05c5,corrected,rgb,False,3,forearm_roll,0.10495884705514866,0.10520788745375093,0.10643828871179449,14.384203352524077,17.664026325278922,0.6671993795604094,13.483009266281353
record-67a918241ddc05c5,corrected,rgb,False,4,wrist_angle,38.30992198746978,38.69592336071276,39.097072405870776,163.19388301642746,191.15091705616874,0.39432588897414605,8.786411805228724
record-b7aa98e1d9233c3e,corrected,depth,True,0,waist,296.1372552485247,296.5427303617361,299.66143905186317,12.257274944806527,20.40510908668603,0.46328710117121863,0.38471283829286784
record-b7aa98e1d9233c3e,corrected,depth,True,1,shoulder,124.1760707652515,125.18617693469159,126.75131860438408,85.75686451624719,207.89228996636564,0.11913674886430053,0.4749265470533179
record-b7aa98e1d9233c3e,corrected,depth,True,2,elbow,444.08948823763586,449.7135505797522,453.8205983540276,391.81095276765194,611.4868867557044,0.34280765837142363,0.1784691944830674
record-b7aa98e1d9233c3e,corrected,depth,True,3,forearm_roll,0.23460997634253328,0.23753301434469623,0.2399065023042817,3.649146717590507,6.749208442259945,0.3098641258770933,7.601286171756987
record-b7aa98e1d9233c3e,corrected,depth,True,4,wrist_angle,83.43521519068987,84.8480687649585,85.544065942536,30.920061182183805,62.83540730368558,0.4827139492913625,9.865293865208576
record-09d61a6d5e5ca106,corrected,rgb,False,0,waist,262.7310216967885,263.449308472693,265.6543525183956,12.220259518770519,15.442236757785974,0.5567721968985212,0.23864593194767292
record-09d61a6d5e5ca106,corrected,rgb,False,1,shoulder,104.06419202611029,105.12733170181824,106.70687157597898,488.8947748652673,1444.1584750737675,0.2853706472317296,0.021108804070978687
record-09d61a6d5e5ca106,corrected,rgb,False,2,elbow,404.20353500894396,407.9373059696329,411.8637941267119,1332.287048402647,3702.7103844340436,0.5468660990369304,0.057554768340363785
record-09d61a6d5e5ca106,corrected,rgb,False,3,forearm_roll,0.23524428998769603,0.23636091336323997,0.23893297365530475,7.687574272876614,10.090227052913141,0.26635993153597304,14.825374120931503
record-09d61a6d5e5ca106,corrected,rgb,False,4,wrist_angle,86.19377476604058,87.125964447503,88.05113072457289,34.90232440436056,62.73612677439545,0.2145853299066694,18.29024528060656
record-01896a18b0712d84,corrected,depth,True,0,waist,187.00304540459297,188.1961437111854,190.58594945228538,12.037424503275542,10.875586174729214,0.3906757728302142,0.019114800479508042
record-01896a18b0712d84,corrected,depth,True,1,shoulder,84.88283103927962,84.94708411909586,85.94444935804005,125.25476658024905,202.3377158233331,0.6222302199981202,0.14834087535037124
record-01896a18b0712d84,corrected,depth,True,2,elbow,315.91938643038714,316.61501507183704,320.79642125142726,878.4780552001384,2176.1508123146946,0.578839790433502,0.09989344589772269
record-01896a18b0712d84,corrected,depth,True,3,forearm_roll,0.19865524650087596,0.20107790919948687,0.2031981950216517,6.64665714668775,12.880426607498817,0.685230011595465,10.771778959652591
record-01896a18b0712d84,corrected,depth,True,4,wrist_angle,69.0693545658606,68.99384321095533,70.01073335396075,72.32185101026458,76.00617281851798,0.5559327024974694,11.747210202189848
record-f3890361f5d124b2,corrected,rgb,False,0,waist,243.12739469830052,245.17470394279044,248.38423445359288,11.76958577563432,32.642451288445756,0.12769006516215958,0.41365840986665314
record-f3890361f5d124b2,corrected,rgb,False,1,shoulder,104.03948668321814,105.87612347252636,106.53333903153356,414.48382453101846,1111.8835268119547,0.34355595294266617,0.39741638231408566
record-f3890361f5d124b2,corrected,rgb,False,2,elbow,443.1274104741415,449.10575551759894,451.5566355609268,2345.622530358016,6244.861848062711,0.2753211257096758,0.4341818925627829
record-f3890361f5d124b2,corrected,rgb,False,3,forearm_roll,0.2331175848796843,0.23622537857659776,0.23786331568196184,37.419997685094316,119.72792545749523,0.09766823413841699,13.483707996408564
record-f3890361f5d124b2,corrected,rgb,False,4,wrist_angle,73.18465517289725,73.46557777294531,74.2988835685402,147.21095208991997,353.43954119277265,0.13654592758483683,18.755243425332853
record-68ad2702fed10953,corrected,depth,False,0,waist,291.5916879410576,295.09066285388866,298.79325772303406,12.285444595187686,23.909273640607466,0.6160969899689513,0.17309127714307182
record-68ad2702fed10953,corrected,depth,False,1,shoulder,121.90690563291251,123.11268994113836,124.64052856233887,85.61059256481953,254.1278809814233,0.4120840613697686,0.32359937571284964
record-68ad2702fed10953,corrected,depth,False,2,elbow,537.9444015305671,540.6126606101004,544.3700863029479,360.49070127415297,592.5889439881674,0.2612979323638387,0.4732835745863321
record-68ad2702fed10953,corrected,depth,False,3,forearm_roll,0.2876980324422463,0.2891270353731847,0.2911421101540963,5.433107386453795,13.726138291198298,0.46256935735327276,11.941485558465953
record-68ad2702fed10953,corrected,depth,False,4,wrist_angle,91.74692831991865,92.20129054118959,93.53920333986962,12.192977255332922,12.940278524350113,0.49371409219359014,5.398063201644655
record-199de62116055e3f,corrected,rgb,False,0,waist,125.62281555726464,126.09820465348976,127.37303757910085,11.545227558733023,15.870756637574353,0.6920115163654085,0.15466014419311155
record-199de62116055e3f,corrected,rgb,False,1,shoulder,44.04756699448284,44.3800063831634,44.72141347298783,870.4438293748002,2008.7672671415762,0.44709835180234836,0.022589575005856715
record-199de62116055e3f,corrected,rgb,False,2,elbow,183.14130601166138,184.74165155011357,186.35707892511232,2258.361503592945,2844.77380876372,0.353515681722546,0.13600797331551667
record-199de62116055e3f,corrected,rgb,False,3,forearm_roll,0.11096369158738982,0.11235076396888857,0.1132767926359555,8.030384165772135,7.642127049984997,0.45165382490520517,11.778773513617452
record-199de62116055e3f,corrected,rgb,False,4,wrist_angle,39.20028572582863,39.27268260026333,39.74176454948239,106.87490154116803,95.43527892567525,0.07069428407130302,19.633510767999585
record-b888aa989fe0dcf2,corrected,depth,True,0,waist,169.76033141996268,170.6547256209457,171.67974980780718,12.398423478358993,18.366115016451236,0.4952026160883674,0.20794185694298933
record-b888aa989fe0dcf2,corrected,depth,True,1,shoulder,77.82970939701374,78.20920390313067,78.79439072540923,84.68805212365498,239.47494632827963,0.28379807352745196,0.18577142543933498
record-b888aa989fe0dcf2,corrected,depth,True,2,elbow,271.43704691045025,276.4104301699241,278.28704294930316,526.2642780820947,1294.1802998233795,0.48875745334373044,0.13789570730330505
record-b888aa989fe0dcf2,corrected,depth,True,3,forearm_roll,0.1608121487831183,0.16116222064530394,0.16337767087042307,6.756294094210453,19.178554116893146,0.15261669573955058,1.023386866332502
record-b888aa989fe0dcf2,corrected,depth,True,4,wrist_angle,60.254710239378355,60.75570637368348,61.212791632603974,24.231250555872414,73.482782138849,0.38629006257670445,3.3255820386838275
record-c39b5be5965b3e36,corrected,rgb,False,0,waist,209.12116392177154,211.30819870176657,212.83186351692171,12.283400343007635,14.363273430099023,0.1562676274265384,0.1427721311085248
record-c39b5be5965b3e36,corrected,rgb,False,1,shoulder,91.22510492053347,91.79606953895768,93.11048828915271,446.30807890853475,887.4202264981694,0.36543941412757924,0.3408594703032898
record-c39b5be5965b3e36,corrected,rgb,False,2,elbow,391.95143214021317,392.4231041139775,396.7956515844586,1311.4230184211651,1794.483456471603,0.14253037099882898,0.3051968733716912
record-c39b5be5965b3e36,corrected,rgb,False,3,forearm_roll,0.1910910426276791,0.19212832025782434,0.19500558856192335,4.783285209052638,14.092571448147423,0.23076506659636253,3.670153219530867
record-c39b5be5965b3e36,corrected,rgb,False,4,wrist_angle,76.5468882562434,77.1441809572032,77.90871229617898,55.27368089189096,171.81949814591707,0.35292025010284966,10.805199923445905
record-fb8d416450f0f9bd,corrected,depth,False,0,waist,285.21543519595,288.64696942215045,292.37266799267275,12.557236709517266,24.44235710023353,0.26745433864694745,0.3676325734906466
record-fb8d416450f0f9bd,corrected,depth,False,1,shoulder,126.89937085054174,127.79252342312012,129.08953246262683,161.27445679650094,217.1033515991011,0.46960759829878146,0.2800007157597485
record-fb8d416450f0f9bd,corrected,depth,False,2,elbow,532.8463451710148,542.5111658339856,546.3100072116789,1138.694362682936,1809.9979230575734,0.3895755464729842,0.24360190561157355
record-fb8d416450f0f9bd,corrected,depth,False,3,forearm_roll,0.28635533890174425,0.28872271956750145,0.2924815960214941,5.385155580946405,5.719281855730577,0.1345282886504961,4.443975369339303
record-fb8d416450f0f9bd,corrected,depth,False,4,wrist_angle,104.78436407133081,104.82947893379666,106.12355717433205,94.81513036913712,287.56440762390486,0.13333476710450548,5.814777842096762
record-99ad7629c546e7b7,corrected,rgb,False,0,waist,289.3014283363396,293.05650261374217,296.59999349536304,11.741279694479223,24.887249740881785,0.48171180983810435,0.30506965936808933
record-99ad7629c546e7b7,corrected,rgb,False,1,shoulder,115.36700119501766,116.8699042013971,118.19346014737208,176.4644603873227,271.1453154419243,0.057265743661031945,0.0647666047067148
record-99ad7629c546e7b7,corrected,rgb,False,2,elbow,418.12727819772675,424.2643538070711,426.7782356080964,659.4962240237699,989.6100763556109,0.42198469374344927,0.1817564784265237
record-99ad7629c546e7b7,corrected,rgb,False,3,forearm_roll,0.25108474837801986,0.2512421229679967,0.2549124470581537,7.226945094501565,12.742449795756444,0.3651161057972454,19.12192407205012
record-99ad7629c546e7b7,corrected,rgb,False,4,wrist_angle,75.92810983750691,76.2040530253663,77.33247957685519,40.86706397227188,77.39711397368477,0.400289879262353,9.81353606108419
record-e5e4fd8760209dfe,corrected,depth,True,0,waist,213.74356283905712,214.13268041718504,216.94806395338742,12.196870791296544,23.15526963837804,0.14838486806851425,0.4589403095433817
record-e5e4fd8760209dfe,corrected,depth,True,1,shoulder,94.21120061707056,94.67418319239377,95.44607281414716,164.4590052539667,384.44348789761517,0.4247350217472512,0.19698202609242893
record-e5e4fd8760209dfe,corrected,depth,True,2,elbow,326.2907081895975,330.8153730875394,333.5383426423418,719.8499073123483,1722.2590315326936,0.444711912948014,0.16320160391740016
record-e5e4fd8760209dfe,corrected,depth,True,3,forearm_roll,0.19332262703738884,0.1963700246833271,0.19790132329235455,10.953347831967722,12.69105080833577,0.3933886401903489,14.340546322882297
record-e5e4fd8760209dfe,corrected,depth,True,4,wrist_angle,61.75916805479451,61.805113824918315,62.651322882471405,34.20172474783558,44.866801482884405,0.6561769016698022,15.161684512030819
record-891f9de94ba1d684,corrected,rgb,False,0,waist,198.13390940720683,200.69568089984176,202.58710492348942,11.989108347354454,20.812866230176173,0.5437759788046245,0.46778186369217617
record-891f9de94ba1d684,corrected,rgb,False,1,shoulder,79.80110938519141,80.38113859723119,80.97267545793673,147.9815447254527,386.23243488534376,0.12983747551323488,0.11154244953031058
record-891f9de94ba1d684,corrected,rgb,False,2,elbow,347.2000549472333,351.49430726364585,355.96863918884526,619.6692702359912,1306.6068217648974,0.5107711843066944,0.04015287680347186
record-891f9de94ba1d684,corrected,rgb,False,3,forearm_roll,0.19383521811306387,0.1959646670069825,0.19836554026814687,4.908319238415951,9.401731429684189,0.6939809167730683,20.32301498861058
record-891f9de94ba1d684,corrected,rgb,False,4,wrist_angle,56.06921873233491,56.74042464328942,57.451826946449,30.81786025775826,33.81869290101091,0.1276802542866824,6.227165292424425
record-24f652b80cffcb0a,corrected,depth,True,0,waist,198.9097945728257,199.7483494951026,201.47362861866267,12.419429104476894,12.23933395412472,0.3224272815959824,0.37485103332395225
record-24f652b80cffcb0a,corrected,depth,True,1,shoulder,82.43373785523167,83.51420150808373,84.3696122305395,72.74075337274968,137.8155454816062,0.5061866466650022,0.4635849609807696
record-24f652b80cffcb0a,corrected,depth,True,2,elbow,372.05655555556007,377.45571594393874,381.5344805094924,450.1495900623929,1278.9791640012463,0.42157413840408403,0.17334749689339776
record-24f652b80cffcb0a,corrected,depth,True,3,forearm_roll,0.19294321281308963,0.19569976127220778,0.19767639037841844,3.0149203300205216,3.6290004917570826,0.5456729793268771,16.00849314603371
record-24f652b80cffcb0a,corrected,depth,True,4,wrist_angle,63.88177045207491,64.19361696416685,65.13378345957524,15.494539930062068,19.317475037377644,0.1308027639549436,1.5333988601776078
record-5a3e6b4b60d039ba,corrected,rgb,False,0,waist,211.48262011917268,211.68048996313152,214.42055438725532,11.937011068873197,28.496878315351125,0.573482319697244,0.18940739715712113
record-5a3e6b4b60d039ba,corrected,rgb,False,1,shoulder,89.57216090417515,90.55572710411279,91.43263423404015,143.3507177626892,354.4004674901951,0.2875549316818942,0.330059609674193
record-5a3e6b4b60d039ba,corrected,rgb,False,2,elbow,306.16094671525354,311.8721334472739,313.68415801178753,757.8376699631183,1170.8279318731018,0.4461004374722385,0.13864542856661072
record-5a3e6b4b60d039ba,corrected,rgb,False,3,forearm_roll,0.16233066620120362,0.16366530144679983,0.16452890921359742,13.494257593086138,31.103050772151484,0.13198567659785176,8.825733972060265
record-5a3e6b4b60d039ba,corrected,rgb,False,4,wrist_angle,66.56986714700722,66.57065173416443,67.41562816070993,34.89240447319578,106.57797508270055,0.5472551366895023,3.0962076279361366
record-9ec7d49ce79b0487,corrected,depth,False,0,waist,350.5865311790849,351.49203966943014,355.0701006154534,12.637111504310035,24.835353326096143,0.34293977321155855,0.011466352660924932
record-9ec7d49ce79b0487,corrected,depth,False,1,shoulder,128.87626881490198,130.09970039909834,131.8724493576018,203.23189888865724,287.1711531393163,0.27670190682348694,0.3515682055569301
record-9ec7d49ce79b0487,corrected,depth,False,2,elbow,576.5177594492084,582.3081453885062,590.3619051281041,866.8690555310295,824.6725076563046,0.5542535961227211,0.30783984174041185
record-9ec7d49ce79b0487,corrected,depth,False,3,forearm_roll,0.31433530890271366,0.31325869042032645,0.31799144903165405,8.843434988884683,11.767547375885732,0.32144490585381863,2.77696028345092
record-9ec7d49ce79b0487,corrected,depth,False,4,wrist_angle,98.87962389154875,99.01813465331706,99.92722923252522,48.0860184770644,151.0254297948799,0.05957582857863264,19.04613298315446
record-8aacdd64f3c271b6,corrected,rgb,False,0,waist,228.25641295370616,230.69338788104568,232.47733465933595,12.53050626429617,29.393860201235142,0.6145694989345614,0.25875550157249694
record-8aacdd64f3c271b6,corrected,rgb,False,1,shoulder,95.48420513861521,95.56042907427909,96.58274155395486,183.66562531657024,429.45273356606214,0.6065557123734848,0.2842190282156399
record-8aacdd64f3c271b6,corrected,rgb,False,2,elbow,353.44512346908834,355.10020346806107,357.13521022448344,1059.6957338918587,2847.643788295578,0.3122129926885521,0.18452483488437488
record-8aacdd64f3c271b6,corrected,rgb,False,3,forearm_roll,0.20492809046040733,0.20513463529381826,0.20737348014957346,18.086096594648698,55.984068989667804,0.1556542366157857,4.989199721110716
record-8aacdd64f3c271b6,corrected,rgb,False,4,wrist_angle,67.0723427763392,67.92414567300068,68.5190135535884,51.906077921922794,53.83451550062935,0.18789091865695678,2.727859693468085
record-aead4cc40ee18b4e,corrected,depth,True,0,waist,289.32626774742494,291.4240971141275,293.1069434124309,12.664661064903669,12.14124200879294,0.0853947552947027,0.12514793962035684
record-aead4cc40ee18b4e,corrected,depth,True,1,shoulder,123.85322244262672,123.54838509230213,125.41105729321798,53.226893446712914,73.04389744501199,0.42794163537900215,0.4224616017151583
record-aead4cc40ee18b4e,corrected,depth,True,2,elbow,469.2395698128863,472.0806441056023,477.4308602571694,257.3672605931717,524.6601279922243,0.24494439783974375,0.3634851882158953
record-aead4cc40ee18b4e,corrected,depth,True,3,forearm_roll,0.2454897033300595,0.24492399263108716,0.24806346414707695,5.037740824598561,7.700682555304843,0.5222561301077782,8.468431141893365
record-aead4cc40ee18b4e,corrected,depth,True,4,wrist_angle,90.38707106547848,90.79352019920091,91.78909925053057,16.031665916311535,43.94310835118422,0.49028756229354853,10.762387738092125
record-a195f9901084ece3,corrected,rgb,False,0,waist,233.85946445557792,237.3446887198575,238.72340392934072,12.361355773588993,15.979222144882636,0.41320113763496324,0.4049048094138911
record-a195f9901084ece3,corrected,rgb,False,1,shoulder,98.26384824676965,98.15699258380232,99.39274271990331,167.81413315021658,402.27820896544216,0.10692687132390141,0.4189745000227101
record-a195f9901084ece3,corrected,rgb,False,2,elbow,380.35186329075026,384.89290236314577,387.47054867748267,817.7280650145851,2472.931297014944,0.2529372764113149,0.4238347579535406
record-a195f9901084ece3,corrected,rgb,False,3,forearm_roll,0.23700864740905664,0.23866318272431888,0.24118044054125382,6.392369995108859,5.536503110265306,0.32273020831629823,12.53525055015063
record-a195f9901084ece3,corrected,rgb,False,4,wrist_angle,82.84803757238534,84.03456467447708,84.61164997614956,26.68059681396137,26.22804717363855,0.6604774790556135,17.883225464047953
record-9630606af07df414,corrected,depth,False,0,waist,338.6277998632675,341.4152090017539,345.1897578487776,12.551405192474567,14.5927010826142,0.3621703936545887,0.020037685341796337
record-9630606af07df414,corrected,depth,False,1,shoulder,124.95696754662563,125.37332299630884,126.65001269872079,226.55747452347745,191.19409384035131,0.08196174690738878,0.13845695895595206
record-9630606af07df414,corrected,depth,False,2,elbow,537.0178152663523,543.9932983978447,550.3301425373874,1076.271151951235,2676.3908287273503,0.2902288519117726,0.12643618507171797
record-9630606af07df414,corrected,depth,False,3,forearm_roll,0.31040633824458047,0.31078951922337134,0.3138886911333766,18.893976958633875,52.61985203339174,0.5847952909555189,3.9143534140969725
record-9630606af07df414,corrected,depth,False,4,wrist_angle,97.38564545473385,97.89042255174303,98.85169990964111,73.70761833961092,107.65273870842667,0.2845384446956818,20.561995266931753
record-2010eccab6b6d60b,corrected,rgb,False,0,waist,356.3390484603645,357.3516658653205,361.2721206005334,12.11902379122433,31.710442825216482,0.6410854463984698,0.28303977917532014
record-2010eccab6b6d60b,corrected,rgb,False,1,shoulder,132.19156659091215,132.77537531911545,133.66652962851222,179.67450145817446,292.95848004495684,0.3526794135442507,0.20819045452084622
record-2010eccab6b6d60b,corrected,rgb,False,2,elbow,565.7978259679537,572.831062425548,576.6035535928689,854.6078382853331,2191.184322508585,0.5081516773683226,0.07100742805836294
record-2010eccab6b6d60b,corrected,rgb,False,3,forearm_roll,0.2724656135714857,0.27574412482570204,0.2779220941678319,2.888832867461994,3.233997845073164,0.551220598817811,3.498354661025029
record-2010eccab6b6d60b,corrected,rgb,False,4,wrist_angle,94.07551300897033,95.69097402603677,96.41661067318044,38.01926615990023,63.8456559897317,0.41937481775120794,19.113439604445134
record-fbc7a6b5e0b7528b,corrected,depth,True,0,waist,280.6221966436904,283.97589455711994,287.35016565533493,11.702179991984563,17.58742479955641,0.06325802326092754,0.36658101258837267
record-fbc7a6b5e0b7528b,corrected,depth,True,1,shoulder,114.00119151485102,114.56907353052414,116.28139035549876,29.017336623289015,54.33388241816781,0.3016693580287654,0.2042897123991946
record-fbc7a6b5e0b7528b,corrected,depth,True,2,elbow,505.70537800898705,510.84217287366516,517.9799571653639,218.85437037519503,638.875662534355,0.2277372405777679,0.276604414376127
record-fbc7a6b5e0b7528b,corrected,depth,True,3,forearm_roll,0.23566565057094443,0.23796083282124633,0.23939489544019188,2.1838165203845072,5.8347778010102855,0.08338415948592243,7.948999534208815
record-fbc7a6b5e0b7528b,corrected,depth,True,4,wrist_angle,88.59148308922249,89.46307366615429,90.44300437504114,18.004203658926187,36.388492592503816,0.2798288289619118,11.6826311144594
record-c1b8ff535d441ece,corrected,rgb,False,0,waist,198.71373537687344,199.58898686063495,201.77031259702213,12.472267206399831,11.540025163369386,0.2084647837825372,0.030385502267372452
record-c1b8ff535d441ece,corrected,rgb,False,1,shoulder,80.26374959277297,81.53816047625412,82.03333416522626,123.48105604066738,265.4383392310294,0.11789455571110272,0.21476930433996075
record-c1b8ff535d441ece,corrected,rgb,False,2,elbow,335.2536327363195,338.9564286212545,342.273541679658,641.7290058027479,671.8897777639232,0.20460630374080102,0.4000599184621829
record-c1b8ff535d441ece,corrected,rgb,False,3,forearm_roll,0.1675191281771255,0.17034157440741488,0.1713355639712773,11.28269691760345,9.694227584285638,0.08615980866223624,18.463060945210064
record-c1b8ff535d441ece,corrected,rgb,False,4,wrist_angle,58.2682723321349,59.00725308919111,59.477615614884215,54.64844168841987,108.96217259179002,0.31331992428096783,5.475127153752579
record-be1e81f27b114e2f,corrected,depth,False,0,waist,309.4305712426842,310.224527709777,314.9193079264787,12.447259398571937,24.364759446192277,0.5009640129216674,0.4007885366941902
record-be1e81f27b114e2f,corrected,depth,False,1,shoulder,138.66159561144866,138.59053159644168,140.18526079108514,134.19297941627175,391.2267512036104,0.17553598625808214,0.4796423302619608
record-be1e81f27b114e2f,corrected,depth,False,2,elbow,612.5053699864382,614.8907744904699,619.8425814599981,1133.5241886087028,3029.6937979175473,0.5787605484265557,0.48070937748230597
record-be1e81f27b114e2f,corrected,depth,False,3,forearm_roll,0.27812973836542215,0.28084340959908255,0.2848829106586629,20.708067939652718,17.31012409601005,0.3530408938941842,15.807191308545022
record-be1e81f27b114e2f,corrected,depth,False,4,wrist_angle,109.13953113441336,109.86485918351757,110.73826877921863,95.10956616124854,152.0915658892715,0.16012729597810138,11.530135981289579
record-087b78824187e781,corrected,rgb,False,0,waist,329.4700173958507,334.4587503419559,337.6803041946327,11.890997802543678,15.758465405774322,0.19985275950639825,0.3345337155599261
record-087b78824187e781,corrected,rgb,False,1,shoulder,132.54713675056664,134.06659222165237,135.40858375739296,391.3740646766746,613.5474963633834,0.5169894015864104,0.11793821930368831
record-087b78824187e781,corrected,rgb,False,2,elbow,456.01396144358665,461.47340191370307,466.5997873266122,1359.822950722782,2097.708468123702,0.10823965293051793,0.26711488041018194
record-087b78824187e781,corrected,rgb,False,3,forearm_roll,0.2503138150207786,0.25060005832750204,0.2543267702891346,19.806733573563182,36.277782673638896,0.3160666209841869,13.893679142639835
record-087b78824187e781,corrected,rgb,False,4,wrist_angle,98.92353930103732,99.6694295156067,100.67867827842392,84.29134317139889,106.12439446885222,0.235352489958857,19.351073610445972
record-8b0b35a2211f07ef,corrected,depth,False,0,waist,280.0949772118015,282.54915776692036,285.4702175783127,11.70493623352214,13.942041099270256,0.6801497908592474,0.22018798441070872
record-8b0b35a2211f07ef,corrected,depth,False,1,shoulder,126.59917677545926,127.09922067272076,127.88715333580082,158.54980767173672,495.86511653388607,0.2071418476113805,0.02271202834883663
record-8b0b35a2211f07ef,corrected,depth,False,2,elbow,546.1848990907633,547.2159736666584,552.9365042691902,1260.4976532540416,2649.684216748039,0.47086701776123474,0.4891872076202754
record-8b0b35a2211f07ef,corrected,depth,False,3,forearm_roll,0.2694042993781685,0.2704807208895452,0.2726967142495919,3.890662627567959,10.533017086602177,0.21262077200395407,4.299051337411303
record-8b0b35a2211f07ef,corrected,depth,False,4,wrist_angle,91.54692469097105,93.10377854744806,93.7874585637264,43.55937537458416,89.26152974565782,0.40898356502962474,14.427711342894497
record-ad495e5da3d89029,corrected,rgb,False,0,waist,178.5750153990182,180.18960048408857,181.1913976222676,12.17383656156086,17.97181255423707,0.16404439500353135,0.2139424226093047
record-ad495e5da3d89029,corrected,rgb,False,1,shoulder,79.83024078752356,80.09578341194609,80.83209899441566,396.44025746971846,911.3285274732322,0.5621033619682044,0.10903268880388169
record-ad495e5da3d89029,corrected,rgb,False,2,elbow,326.30287862056593,332.03286930492874,334.5016775640512,1723.38374154796,3559.4865331534143,0.5344526843523955,0.17257247887661037
record-ad495e5da3d89029,corrected,rgb,False,3,forearm_roll,0.17875119717374796,0.18040537653708266,0.18166044044566962,27.59222377875018,75.2968822086932,0.5784857189996565,6.456555622509309
record-ad495e5da3d89029,corrected,rgb,False,4,wrist_angle,56.12196001954277,55.92984494792019,56.77079197353162,82.74927710638009,110.97116576991205,0.47265494004830977,0.8707514729168463
record-62c51b54391311e2,corrected,depth,True,0,waist,293.1944901699573,292.4352678798451,296.76245533694595,11.495323518601287,15.118212800909944,0.18992183673433738,0.48510925467415533
record-62c51b54391311e2,corrected,depth,True,1,shoulder,105.1769923038886,106.48101485400022,107.26137988290544,85.66364906923779,178.63021405057324,0.5906386620363145,0.00053883151741123
record-62c51b54391311e2,corrected,depth,True,2,elbow,442.10984350855705,445.49683425125966,449.0529344555732,828.4453861694685,1956.437860201299,0.12354743357927317,0.2943939466014328
record-62c51b54391311e2,corrected,depth,True,3,forearm_roll,0.2504934294005324,0.2506298445285903,0.2535488193259523,2.514088309875783,7.881714529004787,0.5654064149729284,14.730081375452578
record-62c51b54391311e2,corrected,depth,True,4,wrist_angle,90.37415608170718,91.29780353227463,92.15373809497535,44.41659483659834,90.3240473755859,0.09297314719705868,11.168360551670624
record-87e119ef111a451c,corrected,rgb,False,0,waist,282.3142187384268,285.3120111766769,287.4391745165649,12.373788465923996,10.399546352459911,0.639321960809116,0.2912572514852763
record-87e119ef111a451c,corrected,rgb,False,1,shoulder,115.51110708867758,115.69931926718039,117.36613819475816,182.33757578254546,393.137974716551,0.6877449811302175,0.4594590906402631
record-87e119ef111a451c,corrected,rgb,False,2,elbow,462.4323545609137,471.3912559580273,474.14569598395093,632.5377114162094,973.3736187718645,0.16716466359093718,0.2782356525799726
record-87e119ef111a451c,corrected,rgb,False,3,forearm_roll,0.251828654419538,0.2532369344877827,0.25484093377309974,11.967151318696002,27.218121975013613,0.6780946291293013,18.237742398335232
record-87e119ef111a451c,corrected,rgb,False,4,wrist_angle,79.99655246134435,80.65032944810001,81.8124934057016,43.56489648377072,51.83098749218997,0.10746798452013512,3.0191324645158857
record-8ba0b8da05a9b179,corrected,depth,False,0,waist,248.97480370469228,249.34310461338004,252.27625235081132,12.499765006485932,30.944315804307198,0.21876689765347046,0.10967879097364272
record-8ba0b8da05a9b179,corrected,depth,False,1,shoulder,105.14485511246909,105.78269739771459,107.1826426045379,243.64939717541563,725.5647333658478,0.36563688745065936,0.1905540297372801
record-8ba0b8da05a9b179,corrected,depth,False,2,elbow,429.59431361961055,428.7877644344655,434.59652193829214,1259.8184509003015,3858.4125730485744,0.582206701035177,0.33598789663039097
record-8ba0b8da05a9b179,corrected,depth,False,3,forearm_roll,0.2271345153033517,0.22924495609585735,0.23055445040673356,16.57426667440923,14.634009302036167,0.42452118515574233,4.712789958678125
record-8ba0b8da05a9b179,corrected,depth,False,4,wrist_angle,71.48664095904991,71.60271481821356,72.23440017995705,110.30436333487076,240.14351457827237,0.5056799980115682,17.041328815960302
record-e9563b408d2c1cce,corrected,rgb,False,0,waist,245.06340648440363,245.42719460949053,248.74449627958128,12.212332485745646,38.51880771912781,0.19910908166254976,0.27644476506862004
record-e9563b408d2c1cce,corrected,rgb,False,1,shoulder,111.40396057426024,112.08705377950962,112.68488097949628,305.0848944518506,795.5631326046206,0.6850780057572052,0.4961796663983821
record-e9563b408d2c1cce,corrected,rgb,False,2,elbow,472.6233181786674,479.03721314927657,484.4315060593632,1405.5768744508953,1842.225283178862,0.35076062079119874,0.4429141104818343
record-e9563b408d2c1cce,corrected,rgb,False,3,forearm_roll,0.21678147638725448,0.21876003597265611,0.2207007078927404,25.757909206380486,25.56274846129319,0.5816839320672208,2.7257392220892696
record-e9563b408d2c1cce,corrected,rgb,False,4,wrist_angle,79.18999551950436,80.3308883507222,81.10175294721155,121.0908407002754,205.43084556473934,0.24556020446165655,4.480313182929507
record-ad28b5ff13dc1676,corrected,depth,True,0,waist,236.8685055113026,237.89922896703908,241.0730476632587,12.349123098598701,22.06808903869924,0.6199318857227148,0.30018719126170307
record-ad28b5ff13dc1676,corrected,depth,True,1,shoulder,101.91720617378553,102.57782441189894,103.74228703023785,63.556799447301124,162.46586890472557,0.3435630596618889,0.16361257424309347
record-ad28b5ff13dc1676,corrected,depth,True,2,elbow,377.5034045097494,384.1130901193247,386.3985535906567,620.138620710213,1624.6628141906006,0.05712342265282231,0.3471936432883602
record-ad28b5ff13dc1676,corrected,depth,True,3,forearm_roll,0.2290204667662364,0.23078238214175079,0.23308104158470508,9.542355634427324,9.610773720175338,0.47645092060629207,5.721354288004985
record-ad28b5ff13dc1676,corrected,depth,True,4,wrist_angle,76.52476435640611,76.4824188330078,77.41339270445691,47.511417188304335,44.03454737491811,0.44247357134031007,14.004662761230867
record-289b76b2d8a93080,corrected,rgb,False,0,waist,315.32212298755394,319.48430240088845,322.46106419011073,12.425075311860002,39.131052601447074,0.4411956070091017,0.011520448195118792
record-289b76b2d8a93080,corrected,rgb,False,1,shoulder,118.93224090789212,119.44386925526162,121.03889377088082,316.7875835756631,869.2390489166404,0.4266057242103924,0.41707957939111256
record-289b76b2d8a93080,corrected,rgb,False,2,elbow,508.6684612572018,508.85106669439375,515.1849747172147,1417.0284868623348,2193.273033621551,0.6354971548633817,0.2115636720710259
record-289b76b2d8a93080,corrected,rgb,False,3,forearm_roll,0.2670327987574975,0.27060498052225906,0.2734644434033836,18.998802703295464,53.8598815137503,0.4458271832930066,20.411671814047562
record-289b76b2d8a93080,corrected,rgb,False,4,wrist_angle,94.86834618419267,94.92250554489061,96.3568088642887,38.246848803197004,36.12733444304973,0.3189489658140508,19.71612870144977
record-6a2c29a80a4b6dea,corrected,depth,False,0,waist,269.5500210886939,270.29918603939853,274.00636703770124,12.360006267730475,12.001564358409036,0.41599352704435916,0.05020364915276815
record-6a2c29a80a4b6dea,corrected,depth,False,1,shoulder,116.07182087607993,116.9666890009663,118.63883089730228,246.8826101468797,352.97824547533116,0.6496644321188303,0.45617159167860527
record-6a2c29a80a4b6dea,corrected,depth,False,2,elbow,512.2651036533005,515.3149426077289,521.6723234803495,1050.5624784539443,3304.711840488991,0.12217238271669434,0.2799885513446499
record-6a2c29a80a4b6dea,corrected,depth,False,3,forearm_roll,0.2430042194244246,0.2466529184995867,0.24855262963038652,5.963832195240221,8.460546925747757,0.5629733229050833,20.446683774420727
record-6a2c29a80a4b6dea,corrected,depth,False,4,wrist_angle,89.02921279493664,89.97711991134358,90.44819354676608,91.68278688825859,114.01368531941355,0.29625114472746245,4.641026931722624
